"Name","Team","G","PA","HR","R","RBI","SB","BB%","K%","ISO","BABIP","AVG","OBP","SLG","wOBA","wRC+","BsR","Off","Def","WAR","playerid"
"Mookie Betts","Red Sox","136","614","32","129","80","30","13.2 %","14.8 %",".294",".368",".346",".438",".640",".449","185","6.9","69.1","11.6","10.4","13611"
"Mike Trout","Angels","140","608","39","101","79","24","20.1 %","20.4 %",".316",".346",".312",".460",".628",".447","191","5.0","71.1","4.2","9.8","10155"
"Jose Ramirez","Indians","157","698","39","110","106","34","15.2 %","11.5 %",".284",".254",".272",".388",".555",".393","147","12.0","51.6","4.6","8.1","13510"
"Alex Bregman","Astros","157","705","31","105","103","10","13.6 %","12.1 %",".246",".289",".286",".394",".532",".396","157","3.4","51.4","-0.6","7.6","17678"
"Christian Yelich","Brewers","147","651","36","118","110","22","10.4 %","20.7 %",".272",".373",".326",".402",".598",".422","166","5.8","58.4","-5.1","7.6","11477"
"Francisco Lindor","Indians","158","745","38","129","92","25","9.4 %","14.4 %",".242",".279",".277",".352",".519",".368","130","1.2","28.3","21.1","7.6","12916"
"Matt Chapman","Athletics","145","616","24","100","68","1","9.4 %","23.7 %",".230",".338",".278",".356",".508",".369","137","2.6","30.1","13.1","6.5","16505"
"Anthony Rendon","Nationals","136","597","24","88","92","2","9.2 %","13.7 %",".227",".323",".308",".374",".535",".383","140","5.1","34.0","7.9","6.3","12861"
"Manny Machado","- - -","162","709","37","84","107","14","9.9 %","14.7 %",".241",".304",".297",".367",".538",".377","140","1.2","35.7","2.0","6.2","11493"
"J.D. Martinez","Red Sox","150","649","43","111","130","6","10.6 %","22.5 %",".299",".375",".330",".402",".629",".427","170","-4.1","50.2","-14.7","5.9","6184"
"Nolan Arenado","Rockies","156","673","38","104","110","2","10.8 %","18.1 %",".264",".314",".297",".374",".561",".391","132","0.0","26.0","7.9","5.7","9777"
"Lorenzo Cain","Brewers","141","620","10","90","38","30","11.5 %","15.2 %",".109",".357",".308",".395",".417",".359","124","6.4","24.6","10.7","5.7","9077"
"Andrelton Simmons","Angels","146","600","11","68","75","10","5.8 %","7.3 %",".125",".300",".292",".337",".417",".326","109","1.1","7.3","26.1","5.5","10847"
"Javier Baez","Cubs","160","645","34","101","111","21","4.5 %","25.9 %",".264",".347",".290",".326",".554",".366","131","3.9","28.0","3.6","5.3","12979"
"Freddie Freeman","Braves","162","707","23","94","98","10","10.7 %","18.7 %",".196",".358",".309",".388",".505",".378","137","1.3","32.9","-4.3","5.2","5361"
"Max Muncy","Dodgers","137","481","35","75","79","3","16.4 %","27.2 %",".319",".299",".263",".391",".582",".407","162","3.1","39.3","-3.9","5.2","13301"
"Whit Merrifield","Royals","158","707","12","88","60","45","8.6 %","16.1 %",".134",".352",".304",".367",".438",".349","120","7.4","24.3","2.9","5.2","11281"
"Paul Goldschmidt","Diamondbacks","158","690","33","95","83","7","13.0 %","25.1 %",".243",".359",".290",".389",".533",".390","144","2.5","40.0","-12.0","5.1","9218"
"Trevor Story","Rockies","157","656","37","88","108","27","7.2 %","25.6 %",".276",".345",".291",".348",".567",".384","127","1.8","23.5","4.8","5.0","12564"
"Aaron Judge","Yankees","112","498","27","77","67","6","15.3 %","30.5 %",".249",".368",".278",".392",".528",".391","149","1.4","30.3","2.3","5.0","15640"
"Matt Carpenter","Cardinals","156","677","36","111","81","4","15.1 %","23.3 %",".266",".291",".257",".374",".523",".375","138","1.3","33.0","-6.4","5.0","8090"
"Jed Lowrie","Athletics","157","680","23","78","99","0","11.5 %","18.8 %",".181",".304",".267",".353",".448",".347","122","0.2","18.4","7.1","4.9","4418"
"Aaron Hicks","Yankees","137","581","27","90","79","11","15.5 %","19.1 %",".219",".264",".248",".366",".467",".360","127","7.0","25.9","2.3","4.9","5297"
"Xander Bogaerts","Red Sox","136","580","23","72","103","8","9.5 %","17.6 %",".234",".317",".288",".360",".522",".373","133","-1.7","21.0","7.2","4.9","12161"
"Jose Altuve","Astros","137","599","13","84","61","17","9.2 %","13.2 %",".135",".350",".315",".384",".449",".362","134","4.7","29.0","-1.9","4.8","5417"
"J.T. Realmuto","Marlins","125","531","21","74","74","3","7.2 %","19.6 %",".208",".312",".277",".340",".484",".353","126","4.8","21.9","7.9","4.8","11739"
"Trea Turner","Nationals","162","740","19","103","73","43","9.3 %","17.8 %",".145",".314",".271",".344",".416",".331","105","8.4","12.9","10.4","4.8","16252"
"Didi Gregorius","Yankees","134","569","27","89","86","10","8.4 %","12.1 %",".226",".259",".268",".335",".494",".350","121","2.3","16.4","9.8","4.6","6012"
"Mitch Haniger","Mariners","157","683","26","90","93","8","10.2 %","21.7 %",".208",".336",".285",".366",".493",".367","138","0.1","31.1","-9.0","4.6","14274"
"Brandon Nimmo","Mets","140","535","17","77","47","9","15.0 %","26.2 %",".219",".351",".263",".404",".483",".385","149","1.9","33.7","-6.6","4.5","12927"
"Scooter Gennett","Reds","154","638","23","86","92","4","6.6 %","19.6 %",".180",".358",".310",".357",".490",".362","125","0.1","19.9","3.9","4.5","10339"
"Andrew Benintendi","Red Sox","148","661","16","103","87","21","10.7 %","16.0 %",".174",".328",".290",".366",".465",".357","122","4.3","21.9","-1.5","4.3","17901"
"Justin Turner","Dodgers","103","426","14","62","52","2","11.0 %","12.7 %",".205",".334",".312",".406",".518",".396","154","0.0","28.2","-0.9","4.2","5235"
"Giancarlo Stanton","Yankees","158","705","38","102","100","5","9.9 %","29.9 %",".243",".333",".266",".343",".509",".360","127","-0.1","22.8","-5.3","4.2","4949"
"Tommy Pham","- - -","137","570","21","102","63","15","11.8 %","24.6 %",".188",".342",".275",".367",".464",".359","129","2.2","21.7","-0.7","4.0","2967"
"Eugenio Suarez","Reds","143","606","34","79","104","1","10.6 %","23.4 %",".243",".322",".283",".366",".526",".376","135","-4.1","22.0","-2.9","3.9","12552"
"David Peralta","Diamondbacks","146","614","30","75","87","4","7.8 %","20.2 %",".223",".328",".293",".352",".516",".368","130","0.3","22.8","-4.9","3.8","2136"
"Ozzie Albies","Braves","158","684","24","105","72","14","5.3 %","17.0 %",".191",".285",".261",".305",".452",".324","100","5.6","6.0","9.0","3.8","16556"
"Jean Segura","Mariners","144","632","10","91","63","20","5.1 %","10.9 %",".111",".327",".304",".341",".415",".327","111","0.5","8.5","7.3","3.8","5933"
"Joey Wendle","Rays","139","545","7","62","61","16","6.8 %","17.6 %",".136",".353",".300",".354",".435",".338","116","3.0","13.5","4.9","3.7","13853"
"Marcus Semien","Athletics","159","703","15","89","70","14","8.7 %","18.6 %",".133",".296",".255",".318",".388",".307","95","1.6","-2.4","15.6","3.7","12533"
"Ronald Acuna Jr.","Braves","111","487","26","78","64","16","9.2 %","25.3 %",".259",".352",".293",".366",".552",".388","143","2.8","28.4","-7.8","3.7","18401"
"Juan Soto","Nationals","116","494","22","77","70","5","16.0 %","20.0 %",".225",".338",".292",".406",".517",".392","145","2.0","29.5","-9.3","3.7","20123"
"Starling Marte","Pirates","145","606","20","81","72","33","5.8 %","18.0 %",".182",".312",".277",".327",".460",".337","113","2.1","11.4","5.2","3.7","9241"
"Ben Zobrist","Cubs","139","520","9","67","58","3","10.6 %","11.5 %",".134",".331",".305",".378",".440",".355","123","0.5","14.9","4.0","3.6","7435"
"Cody Bellinger","Dodgers","162","632","25","84","76","14","10.9 %","23.9 %",".210",".313",".260",".343",".470",".345","120","4.1","19.8","-4.5","3.6","15998"
"Travis Shaw","Brewers","152","587","32","73","86","5","13.3 %","18.4 %",".239",".242",".241",".345",".480",".351","119","0.6","13.9","2.5","3.6","11982"
"Yasmani Grandal","Dodgers","140","518","24","65","68","2","13.9 %","23.9 %",".225",".278",".241",".349",".466",".352","125","-6.1","9.5","9.0","3.6","11368"
"Harrison Bader","Cardinals","138","427","12","61","37","15","7.3 %","29.3 %",".158",".358",".264",".334",".422",".326","106","7.6","10.6","10.2","3.5","18030"
"Joey Votto","Reds","145","623","12","67","67","2","17.3 %","16.2 %",".135",".333",".284",".417",".419",".370","131","-3.8","19.6","-5.0","3.5","4314"
"Michael Brantley","Indians","143","631","17","89","76","12","7.6 %","9.5 %",".160",".319",".309",".364",".468",".359","124","1.4","19.4","-6.1","3.5","4106"
"Bryce Harper","Nationals","159","695","34","103","100","13","18.7 %","24.3 %",".247",".289",".249",".393",".496",".376","135","0.4","29.9","-18.1","3.5","11579"
"Eduardo Escobar","- - -","151","631","23","75","84","2","8.2 %","20.0 %",".217",".308",".272",".334",".489",".346","116","-1.4","11.0","2.1","3.5","6153"
"Brian Anderson","Marlins","156","670","11","87","65","2","9.3 %","19.3 %",".127",".332",".273",".357",".400",".333","113","-0.6","10.1","2.1","3.4","18289"
"Mallex Smith","Rays","141","544","2","65","40","40","8.6 %","18.0 %",".110",".366",".296",".367",".406",".339","117","6.6","17.8","-2.5","3.4","13608"
"Matt Olson","Athletics","162","660","29","85","84","2","10.6 %","24.7 %",".207",".292",".247",".335",".453",".340","117","-2.2","11.4","-0.5","3.4","14344"
"Eddie Rosario","Twins","138","592","24","87","77","8","5.1 %","17.6 %",".191",".316",".288",".323",".479",".340","113","7.7","16.8","-3.7","3.4","12155"
"Francisco Cervelli","Pirates","104","404","12","39","57","2","12.6 %","20.8 %",".172",".308",".259",".378",".431",".355","125","-1.7","10.5","9.3","3.3","5275"
"Johan Camargo","Braves","134","524","19","63","76","1","9.7 %","20.6 %",".185",".315",".272",".349",".457",".346","115","-2.8","7.1","8.2","3.3","14950"
"Paul DeJong","Cardinals","115","490","19","68","68","1","7.3 %","25.1 %",".193",".288",".241",".313",".433",".321","102","2.7","3.9","12.3","3.3","18015"
"Enrique Hernandez","Dodgers","145","462","21","67","52","3","10.8 %","16.9 %",".214",".266",".256",".336",".470",".342","118","3.8","14.1","2.9","3.3","10472"
"Kyle Schwarber","Cubs","137","510","26","64","61","4","15.3 %","27.5 %",".229",".288",".238",".356",".467",".343","115","1.1","10.3","4.3","3.2","16478"
"Justin Upton","Angels","145","613","30","80","85","8","10.4 %","28.7 %",".206",".321",".257",".344",".463",".348","124","-0.1","17.3","-7.2","3.1","5222"
"Chris Taylor","Dodgers","155","604","17","85","63","9","9.1 %","29.5 %",".190",".345",".254",".331",".444",".335","113","4.4","14.2","-3.2","3.1","13757"
"Jesus Aguilar","Brewers","149","566","35","80","108","0","10.2 %","25.3 %",".264",".309",".274",".352",".539",".374","134","-3.6","19.9","-8.1","3.1","11342"
"Nicholas Castellanos","Tigers","157","678","23","88","89","2","7.2 %","22.3 %",".202",".361",".298",".354",".500",".363","130","3.2","27.8","-20.7","3.0","11737"
"Stephen Piscotty","Athletics","151","605","27","78","88","2","6.9 %","18.8 %",".223",".290",".267",".331",".491",".351","125","-1.2","16.6","-7.2","3.0","13367"
"Michael Conforto","Mets","153","638","28","78","82","3","13.2 %","24.9 %",".204",".289",".243",".350",".448",".342","120","0.1","15.8","-6.7","3.0","16376"
"Ender Inciarte","Braves","156","660","10","83","61","28","7.4 %","13.0 %",".116",".293",".265",".325",".380",".308","90","6.1","-1.8","9.5","2.9","4922"
"Robinson Cano","Mariners","80","348","10","44","50","0","9.2 %","13.5 %",".168",".329",".303",".374",".471",".364","136","1.1","16.0","1.1","2.9","3269"
"George Springer","Astros","140","620","22","102","71","6","10.3 %","19.7 %",".169",".303",".265",".346",".434",".340","119","-0.9","13.0","-4.8","2.9","12856"
"Rhys Hoskins","Phillies","153","660","34","89","96","5","13.2 %","22.7 %",".251",".272",".246",".354",".496",".363","129","2.1","25.4","-18.1","2.9","16472"
"Jurickson Profar","Rangers","146","594","20","82","77","10","9.1 %","14.8 %",".204",".269",".254",".335",".458",".341","108","4.0","9.9","-1.4","2.9","10815"
"Anthony Rizzo","Cubs","153","665","25","74","101","6","10.5 %","12.0 %",".187",".287",".283",".376",".470",".359","125","-5.8","14.9","-8.1","2.9","3473"
"Adalberto Mondesi","Royals","75","291","14","47","37","32","3.8 %","26.5 %",".222",".335",".276",".306",".498",".341","114","5.1","10.0","7.7","2.8","13769"
"Shohei Ohtani","Angels","114","367","22","59","61","10","10.1 %","27.8 %",".279",".350",".285",".361",".564",".390","152","1.1","23.9","-8.9","2.8","19755"
"Jackie Bradley Jr.","Red Sox","144","535","13","76","59","17","8.6 %","25.6 %",".169",".299",".234",".314",".403",".310","90","5.7","-0.6","10.1","2.8","12984"
"Charlie Blackmon","Rockies","156","696","29","119","70","12","8.5 %","19.3 %",".211",".329",".291",".358",".502",".368","116","1.4","15.2","-10.1","2.8","7859"
"Kolten Wong","Cardinals","127","407","9","41","38","6","7.6 %","14.7 %",".139",".275",".249",".332",".388",".314","98","0.3","-0.8","15.0","2.8","12532"
"Joey Gallo","Rangers","148","577","40","82","92","3","12.8 %","35.9 %",".292",".249",".206",".312",".498",".343","110","2.8","9.5","-1.5","2.8","14128"
"Joc Pederson","Dodgers","148","443","25","65","56","1","9.0 %","19.2 %",".273",".253",".248",".321",".522",".354","126","1.4","15.6","-3.0","2.7","11899"
"Corey Dickerson","Pirates","135","533","13","65","55","8","3.9 %","15.0 %",".175",".333",".300",".330",".474",".341","115","-3.1","6.7","3.0","2.7","10762"
"Jeff McNeil","Mets","63","248","3","35","19","7","5.6 %","9.7 %",".142",".359",".329",".381",".471",".368","137","5.5","16.7","1.9","2.7","15362"
"Marcell Ozuna","Cardinals","148","628","23","69","88","3","6.1 %","17.5 %",".153",".309",".280",".325",".433",".327","106","4.4","8.9","-2.6","2.7","10324"
"Jose Peraza","Reds","157","683","14","85","58","23","4.2 %","11.0 %",".128",".307",".288",".326",".416",".319","97","3.8","1.2","3.2","2.7","13593"
"Asdrubal Cabrera","- - -","147","592","23","68","75","0","6.9 %","20.1 %",".196",".296",".262",".316",".458",".332","111","0.4","8.5","-1.4","2.7","4962"
"Miguel Andujar","Yankees","149","606","27","83","92","2","4.1 %","16.0 %",".230",".316",".297",".328",".527",".361","128","1.0","21.3","-15.5","2.7","15878"
"Andrew McCutchen","- - -","155","682","20","83","65","14","13.9 %","21.3 %",".169",".304",".255",".368",".424",".347","120","-5.0","11.7","-7.9","2.6","9847"
"Khris Davis","Athletics","151","654","48","98","123","0","9.0 %","26.8 %",".302",".261",".247",".326",".549",".365","135","-4.8","22.2","-18.5","2.6","9112"
"Max Kepler","Twins","156","611","20","80","58","4","11.6 %","15.7 %",".184",".236",".224",".319",".408",".316","97","0.8","-1.5","6.6","2.6","12144"
"Nick Markakis","Braves","162","705","14","78","93","1","10.2 %","11.3 %",".143",".318",".297",".366",".440",".345","114","-3.4","9.0","-6.4","2.6","5930"
"Willson Contreras","Cubs","138","544","10","50","54","4","9.7 %","22.2 %",".141",".313",".249",".339",".390",".321","100","-5.0","-5.0","12.7","2.6","11609"
"Nelson Cruz","Mariners","144","591","37","70","97","1","9.3 %","20.6 %",".252",".264",".256",".342",".509",".361","134","-4.7","19.3","-14.0","2.5","2434"
"Jose Iglesias","Tigers","125","464","5","43","48","15","4.1 %","10.1 %",".120",".291",".269",".310",".389",".304","90","1.3","-4.2","13.6","2.5","10231"
"A.J. Pollock","Diamondbacks","113","460","21","61","65","13","6.7 %","21.7 %",".228",".284",".257",".316",".484",".338","110","3.9","9.3","0.9","2.5","9256"
"Gregory Polanco","Pirates","130","534","23","75","81","12","11.4 %","21.9 %",".245",".287",".254",".340",".499",".353","123","-1.0","14.3","-6.6","2.5","12907"
"Jeimer Candelario","Tigers","144","619","19","78","54","3","10.7 %","25.8 %",".169",".279",".224",".317",".393",".311","95","2.8","-1.1","5.2","2.5","13621"
"Rougned Odor","Rangers","129","535","18","76","63","12","8.0 %","23.7 %",".171",".305",".253",".326",".424",".325","97","0.1","-1.8","8.5","2.5","12282"
"Ketel Marte","Diamondbacks","153","580","14","68","59","6","9.3 %","13.6 %",".177",".282",".260",".332",".437",".330","104","-1.0","2.1","3.7","2.5","13613"
"Brett Gardner","Yankees","140","609","12","95","45","16","10.7 %","17.6 %",".132",".272",".236",".322",".368",".305","90","8.9","1.4","2.5","2.5","9927"
"Leonys Martin","- - -","84","353","11","48","33","7","8.5 %","21.8 %",".170",".302",".255",".323",".425",".323","103","1.0","2.2","10.0","2.4","11846"
"Mike Moustakas","- - -","152","635","28","66","95","4","7.7 %","16.2 %",".208",".259",".251",".315",".459",".329","105","-1.9","2.0","1.0","2.4","4892"
"Matt Duffy","Rays","132","560","4","59","44","12","8.4 %","16.6 %",".072",".353",".294",".361",".366",".323","106","-3.8","0.3","4.9","2.4","13836"
"Wilson Ramos","- - -","111","416","15","39","70","0","7.7 %","19.2 %",".181",".353",".306",".358",".487",".361","131","-11.1","4.5","5.3","2.4","1433"
"Daniel Robertson","Rays","88","340","9","46","34","2","12.6 %","22.6 %",".152",".328",".262",".382",".415",".354","127","0.7","11.8","0.3","2.4","14145"
"Shin-Soo Choo","Rangers","146","665","21","83","62","6","13.8 %","23.5 %",".170",".330",".264",".377",".434",".355","118","0.4","14.8","-13.6","2.4","3174"
"Jose Martinez","Cardinals","152","590","17","64","83","0","8.3 %","17.6 %",".152",".351",".305",".364",".457",".356","125","-1.6","16.6","-12.6","2.3","7996"
"Kris Bryant","Cubs","102","457","13","59","52","2","10.5 %","23.4 %",".188",".342",".272",".374",".460",".359","125","-0.6","13.6","-5.3","2.3","15429"
"Starlin Castro","Marlins","154","647","12","76","54","6","7.4 %","19.2 %",".121",".330",".278",".329",".400",".315","101","-1.7","-0.7","2.8","2.3","4579"
"Ian Kinsler","- - -","128","534","14","66","48","16","7.5 %","12.0 %",".140",".250",".240",".301",".380",".298","87","0.8","-7.3","11.6","2.3","6195"
"Yadier Molina","Cardinals","123","503","20","55","74","4","5.8 %","13.1 %",".174",".264",".261",".314",".436",".323","103","-3.4","-1.4","7.3","2.2","7007"
"Cesar Hernandez","Phillies","161","708","15","91","60","19","13.4 %","21.9 %",".109",".315",".253",".356",".362",".320","100","0.1","0.2","-0.9","2.2","10556"
"Yan Gomes","Indians","112","435","16","52","48","0","4.8 %","27.4 %",".184",".336",".266",".313",".449",".326","101","-1.3","-0.7","8.0","2.2","9627"
"C.J. Cron","Rays","140","560","30","68","74","1","6.6 %","25.9 %",".240",".293",".253",".323",".493",".347","122","-2.0","13.0","-10.6","2.1","12546"
"Brandon Belt","Giants","112","456","14","50","46","4","10.7 %","23.5 %",".160",".311",".253",".342",".414",".327","107","3.2","6.9","-0.9","2.1","10264"
"Omar Narvaez","White Sox","97","322","9","30","30","0","11.8 %","20.2 %",".154",".330",".275",".366",".429",".348","122","-3.2","5.1","4.7","2.1","13338"
"Ramon Laureano","Athletics","48","176","5","27","19","7","9.1 %","28.4 %",".186",".388",".288",".358",".474",".357","129","4.1","10.2","4.4","2.1","17128"
"Jorge Alfaro","Phillies","108","377","10","35","37","3","4.8 %","36.6 %",".145",".406",".262",".324",".407",".313","96","0.9","-1.1","9.5","2.1","12180"
"Jason Kipnis","Indians","147","601","18","65","75","7","10.0 %","18.6 %",".158",".258",".230",".315",".389",".308","89","2.5","-5.0","5.3","2.1","9776"
"Randal Grichuk","Blue Jays","124","462","25","60","61","3","5.8 %","26.4 %",".257",".282",".245",".301",".502",".340","115","-0.4","8.0","-3.3","2.1","10243"
"Jason Heyward","Cubs","127","489","8","67","57","1","8.6 %","12.3 %",".125",".297",".270",".335",".395",".319","99","4.3","3.7","0.7","2.0","4940"
"DJ LeMahieu","Rockies","128","581","15","90","62","6","6.4 %","14.1 %",".152",".298",".276",".321",".428",".322","86","-1.6","-11.5","12.9","2.0","9874"
"Elias Diaz","Pirates","82","277","10","33","34","0","7.6 %","14.4 %",".167",".302",".286",".339",".452",".340","114","0.4","5.3","5.6","2.0","11680"
"Kevin Pillar","Blue Jays","142","542","15","65","59","14","3.3 %","18.1 %",".174",".281",".252",".282",".426",".302","89","4.5","-2.5","4.3","2.0","12434"
"Jonathan Villar","- - -","141","515","14","54","46","35","8.0 %","26.8 %",".124",".339",".260",".325",".384",".312","94","3.3","-0.5","3.6","2.0","10071"
"Yoan Moncada","White Sox","149","650","17","73","61","12","10.3 %","33.4 %",".164",".344",".235",".315",".400",".311","97","2.2","-0.3","-1.5","2.0","17232"
"Mark Canha","Athletics","122","411","17","60","52","1","8.3 %","21.4 %",".200",".282",".249",".328",".449",".334","113","-0.5","6.0","-0.1","2.0","11445"
"Kurt Suzuki","Braves","105","388","12","45","50","0","5.7 %","11.1 %",".173",".275",".271",".332",".444",".335","108","-0.6","3.0","4.0","2.0","8259"
"Tim Anderson","White Sox","153","606","20","77","64","26","5.0 %","24.6 %",".166",".289",".240",".281",".406",".294","85","2.8","-7.9","7.2","2.0","15172"
"David Freese","- - -","113","312","11","38","51","0","7.7 %","23.1 %",".175",".360",".296",".359",".471",".357","126","-1.3","8.6","0.7","2.0","9549"
"Buster Posey","Giants","105","448","5","47","41","3","10.0 %","11.8 %",".098",".316",".284",".359",".382",".326","106","-3.8","-0.4","5.3","2.0","9166"
"David Fletcher","Angels","80","307","1","35","25","3","4.9 %","11.1 %",".088",".307",".275",".316",".363",".297","89","2.0","-2.1","10.8","1.9","17992"
"Luke Voit","- - -","47","161","15","30","36","0","10.6 %","26.7 %",".350",".365",".322",".398",".671",".447","187","0.4","17.1","-3.7","1.9","14811"
"Carlos Santana","Phillies","161","679","24","82","86","2","16.2 %","13.7 %",".186",".231",".229",".352",".414",".333","109","-0.1","7.2","-9.9","1.9","2396"
"Gleyber Torres","Yankees","123","484","24","54","77","6","8.7 %","25.2 %",".209",".321",".271",".340",".480",".349","120","-1.0","10.6","-7.9","1.9","16997"
"Brandon Crawford","Giants","151","594","14","63","54","4","8.4 %","20.5 %",".139",".303",".254",".325",".394",".306","93","-0.8","-5.8","5.5","1.9","5343"
"Adam Eaton","Nationals","95","370","5","55","33","9","10.3 %","17.3 %",".110",".364",".301",".394",".411",".358","123","1.2","11.5","-4.8","1.9","11205"
"Adam Frazier","Pirates","113","352","10","52","35","1","8.2 %","15.1 %",".179",".305",".277",".342",".456",".343","116","0.2","7.2","0.0","1.9","15223"
"Dansby Swanson","Braves","136","533","14","51","59","10","8.3 %","22.9 %",".157",".290",".238",".304",".395",".293","80","3.1","-10.1","11.3","1.9","18314"
"Yasiel Puig","Dodgers","125","444","23","60","63","15","8.1 %","19.6 %",".227",".286",".267",".327",".494",".349","123","0.1","12.4","-8.5","1.8","14225"
"Chad Pinder","Athletics","110","333","13","43","27","0","8.1 %","26.4 %",".178",".325",".258",".332",".436",".333","113","-0.1","5.0","1.4","1.8","15191"
"Carlos Gonzalez","Rockies","132","504","16","71","64","5","7.3 %","22.4 %",".190",".332",".276",".329",".467",".338","96","3.6","1.4","-0.5","1.7","7287"
"Nick Ahmed","Diamondbacks","153","564","16","61","70","5","7.1 %","19.3 %",".176",".265",".234",".290",".411",".300","84","-1.1","-12.0","11.0","1.7","12147"
"Yolmer Sanchez","White Sox","155","662","8","62","55","14","7.4 %","20.8 %",".130",".300",".242",".306",".372",".297","87","0.1","-10.3","5.3","1.7","11602"
"Salvador Perez","Royals","129","544","27","52","80","1","3.1 %","19.9 %",".204",".245",".235",".274",".439",".304","89","-5.2","-12.3","10.7","1.7","7304"
"Justin Smoak","Blue Jays","147","594","25","67","77","0","14.0 %","26.3 %",".216",".297",".242",".350",".457",".349","121","-7.3","7.9","-11.3","1.7","9054"
"Alex Gordon","Royals","141","568","13","56","54","12","8.8 %","21.8 %",".125",".299",".245",".324",".370",".305","89","-0.1","-7.3","4.6","1.6","5209"
"Carlos Correa","Astros","110","468","15","60","65","3","11.3 %","23.7 %",".167",".282",".239",".323",".405",".313","101","-0.2","0.2","0.4","1.6","14162"
"Matt Kemp","Dodgers","146","506","21","62","85","0","7.1 %","22.7 %",".190",".339",".290",".338",".481",".348","122","-4.2","9.5","-9.6","1.6","5631"
"Daniel Descalso","Diamondbacks","138","423","13","54","57","0","15.1 %","26.0 %",".198",".300",".238",".353",".436",".341","111","2.2","8.2","-5.8","1.6","8392"
"Aledmys Diaz","Blue Jays","130","452","18","55","55","3","5.1 %","13.7 %",".190",".269",".263",".303",".453",".321","102","-3.2","-2.0","2.7","1.6","15937"
"Kyle Seager","Mariners","155","630","22","62","78","2","6.0 %","21.9 %",".178",".251",".221",".273",".400",".288","84","-2.0","-13.9","8.8","1.6","9785"
"Robinson Chirinos","Rangers","113","426","18","48","65","2","10.6 %","32.9 %",".197",".304",".222",".338",".419",".333","103","-3.5","-1.9","3.3","1.6","3142"
"Kevin Kiermaier","Rays","88","367","7","44","29","10","6.8 %","24.8 %",".154",".275",".217",".282",".370",".282","78","1.9","-7.8","11.1","1.6","11038"
"Marwin Gonzalez","Astros","145","552","16","61","68","2","9.6 %","22.8 %",".162",".301",".247",".324",".409",".318","104","-2.7","-0.3","-2.5","1.6","5497"
"Steve Pearce","- - -","76","251","11","35","42","0","11.6 %","16.3 %",".228",".303",".284",".378",".512",".382","140","1.2","13.3","-6.3","1.6","9957"
"Wil Myers","Padres","83","343","11","39","39","13","8.7 %","27.4 %",".192",".327",".253",".318",".446",".328","107","3.7","6.8","-2.4","1.6","10047"
"Hunter Renfroe","Padres","117","441","26","53","68","2","6.8 %","24.7 %",".256",".271",".248",".302",".504",".338","114","-1.1","6.7","-5.4","1.6","15464"
"Tyler White","Astros","66","237","12","27","42","0","10.1 %","20.7 %",".257",".307",".276",".354",".533",".377","144","0.1","12.6","-5.5","1.5","15564"
"Denard Span","- - -","137","501","11","63","58","9","10.2 %","15.8 %",".158",".291",".261",".341",".419",".330","112","2.4","9.7","-11.5","1.5","8347"
"Todd Frazier","Mets","115","472","18","54","59","9","10.2 %","23.7 %",".176",".241",".213",".303",".390",".302","93","-0.3","-4.4","3.9","1.5","785"
"Amed Rosario","Mets","154","592","9","76","51","24","4.9 %","20.1 %",".125",".310",".256",".295",".381",".290","85","5.0","-5.6","1.3","1.5","15518"
"Ian Happ","Cubs","142","462","15","56","44","8","15.2 %","36.1 %",".176",".362",".233",".353",".408",".329","106","0.4","3.5","-4.0","1.5","17919"
"Mike Zunino","Mariners","113","405","20","37","44","0","5.9 %","37.0 %",".209",".268",".201",".259",".410",".288","84","-2.3","-10.0","10.8","1.5","13265"
"Addison Russell","Cubs","130","465","5","52","38","4","8.6 %","21.3 %",".090",".314",".250",".317",".340",".290","80","3.6","-7.9","7.2","1.4","14106"
"Jedd Gyorko","Cardinals","125","402","11","49","47","2","10.9 %","19.2 %",".154",".303",".262",".346",".416",".333","110","-3.8","1.1","0.1","1.4","10816"
"Jake Cave","Twins","91","309","13","54","45","2","5.8 %","33.0 %",".212",".368",".269",".316",".481",".337","111","0.6","4.5","-0.8","1.4","14477"
"Brock Holt","Red Sox","109","367","7","41","46","7","10.1 %","19.9 %",".134",".337",".277",".362",".411",".338","109","-4.8","-0.7","2.3","1.4","9345"
"Gary Sanchez","Yankees","89","374","18","51","53","1","12.3 %","25.1 %",".220",".197",".186",".291",".406",".304","89","-0.3","-5.2","6.3","1.4","11442"
"Ryan Zimmerman","Nationals","85","323","13","33","51","1","9.3 %","17.0 %",".222",".284",".264",".337",".486",".351","118","-0.6","6.7","-3.7","1.4","4220"
"Billy Hamilton","Reds","153","556","4","74","29","34","8.3 %","23.7 %",".091",".309",".236",".299",".327",".277","69","8.4","-12.7","8.1","1.3","10199"
"Ryan Braun","Brewers","125","447","20","59","64","11","7.6 %","19.0 %",".215",".274",".254",".313",".469",".330","105","0.1","2.7","-3.9","1.3","3410"
"Willy Adames","Rays","85","323","10","43","34","6","9.6 %","29.4 %",".128",".378",".278",".348",".406",".328","109","1.0","4.6","-2.3","1.3","15986"
"Tyler O'Neill","Cardinals","61","142","9","29","23","2","4.9 %","40.1 %",".246",".364",".254",".303",".500",".340","114","2.2","4.7","3.6","1.3","15711"
"Jorge Polanco","Twins","77","333","6","38","42","7","7.5 %","18.6 %",".139",".345",".288",".345",".427",".336","110","-1.8","2.2","-0.5","1.3","13152"
"Nick Martini","Athletics","55","179","1","26","19","0","11.7 %","20.1 %",".118",".379",".296",".397",".414",".357","129","1.2","7.3","-0.8","1.3","12005"
"Josh Donaldson","- - -","52","219","8","30","23","2","14.2 %","24.7 %",".203",".302",".246",".352",".449",".345","117","0.2","4.7","0.4","1.3","5038"
"Mitch Garver","Twins","103","335","7","38","45","0","8.7 %","21.5 %",".146",".330",".268",".335",".414",".325","102","-0.8","0.1","1.0","1.3","15161"
"Elvis Andrus","Rangers","97","428","6","53","33","5","6.5 %","15.4 %",".111",".292",".256",".308",".367",".296","78","2.2","-9.3","7.2","1.2","8709"
"Tyler Flowers","Braves","82","296","8","34","30","0","11.8 %","25.7 %",".131",".292",".227",".341",".359",".315","95","-0.6","-2.5","5.2","1.2","9134"
"Freddy Galvis","Padres","162","656","13","62","67","8","6.9 %","22.4 %",".133",".304",".248",".299",".380",".294","85","0.1","-12.0","3.3","1.2","6609"
"JaCoby Jones","Tigers","129","467","11","54","34","13","5.1 %","30.4 %",".156",".281",".207",".266",".364",".274","70","3.2","-13.8","10.4","1.2","14818"
"Luke Maile","Blue Jays","68","231","3","22","27","2","10.8 %","29.0 %",".119",".351",".248",".333",".366",".310","95","0.3","-1.2","5.5","1.2","13355"
"Renato Nunez","- - -","73","261","8","28","22","0","7.3 %","23.8 %",".161",".315",".258",".322",".419",".322","101","-2.3","-1.9","5.2","1.2","14503"
"Christian Villanueva","Padres","110","384","20","42","46","3","6.0 %","27.1 %",".214",".276",".236",".299",".450",".323","104","-1.0","0.9","-1.3","1.2","11738"
"Franmil Reyes","Padres","87","285","16","36","31","0","8.4 %","28.1 %",".218",".345",".280",".340",".498",".360","129","-0.3","9.7","-7.2","1.2","14566"
"Max Stassi","Astros","88","250","8","28","27","0","9.2 %","29.6 %",".167",".302",".226",".316",".394",".313","100","-1.7","-1.7","4.9","1.2","10059"
"Jose Abreu","White Sox","128","553","22","68","78","2","6.7 %","19.7 %",".208",".294",".265",".325",".473",".337","114","-1.5","8.0","-14.7","1.2","15676"
"Maikel Franco","Phillies","131","465","22","48","68","1","6.2 %","13.3 %",".196",".270",".270",".314",".467",".328","105","-2.9","0.2","-3.4","1.2","12179"
"Yuli Gurriel","Astros","136","573","13","70","85","5","4.0 %","11.0 %",".138",".306",".291",".323",".428",".323","107","-3.1","2.0","-9.5","1.2","19198"
"Adrian Beltre","Rangers","119","481","15","49","65","1","7.1 %","20.0 %",".162",".312",".273",".328",".434",".327","99","-2.2","-3.0","-1.6","1.2","639"
"Scott Schebler","Reds","107","430","17","55","49","4","9.1 %","23.0 %",".184",".301",".255",".337",".439",".337","109","0.3","5.0","-7.5","1.1","12225"
"Tucker Barnhart","Reds","138","522","10","50","46","0","10.3 %","18.4 %",".124",".291",".248",".328",".372",".307","89","-4.2","-11.1","5.5","1.1","10200"
"Josh Reddick","Astros","134","487","17","63","47","7","10.1 %","15.8 %",".157",".258",".242",".318",".400",".311","99","-0.1","-0.4","-4.7","1.1","3892"
"Niko Goodrum","Tigers","131","492","16","55","53","12","8.5 %","26.8 %",".187",".312",".245",".315",".432",".322","103","2.7","4.2","-9.6","1.1","12092"
"Keon Broxton","Brewers","51","89","4","15","11","5","12.4 %","31.5 %",".231",".217",".179",".281",".410",".299","84","0.8","-1.0","8.7","1.1","9253"
"Albert Almora Jr.","Cubs","152","479","5","62","41","1","5.0 %","17.3 %",".092",".337",".286",".323",".378",".305","89","-1.8","-8.1","3.4","1.1","14109"
"Ji-Man Choi","- - -","61","221","10","25","32","2","11.8 %","24.9 %",".242",".315",".263",".357",".505",".367","135","-0.8","8.4","-5.3","1.1","5452"
"Isiah Kiner-Falefa","Rangers","111","396","4","43","34","7","7.1 %","15.7 %",".096",".306",".261",".325",".357",".301","81","-1.2","-10.2","7.3","1.0","16512"
"Edwin Encarnacion","Indians","137","579","32","74","107","3","10.9 %","22.8 %",".228",".265",".246",".336",".474",".346","115","-5.3","5.3","-14.3","1.0","2151"
"Miguel Rojas","Marlins","153","527","11","44","53","6","4.6 %","13.1 %",".094",".272",".252",".297",".346",".282","79","-5.1","-18.9","12.2","1.0","7802"
"David Bote","Cubs","74","210","6","23","33","3","9.0 %","28.6 %",".168",".314",".239",".319",".408",".314","95","-0.4","-1.6","5.0","1.0","14593"
"Nomar Mazara","Rangers","128","536","20","61","77","1","7.5 %","21.6 %",".178",".298",".258",".317",".436",".324","96","-1.0","-3.3","-4.3","1.0","14553"
"David Dahl","Rockies","77","271","16","31","48","5","7.0 %","25.1 %",".261",".311",".273",".325",".534",".357","109","0.1","3.2","-1.8","1.0","13744"
"Jordy Mercer","Pirates","117","436","6","43","39","2","7.3 %","20.0 %",".129",".306",".251",".315",".381",".296","85","-1.0","-8.8","4.8","1.0","6547"
"Austin Hedges","Padres","91","326","14","29","37","3","6.4 %","27.6 %",".198",".280",".231",".282",".429",".301","90","-1.6","-5.7","5.1","1.0","12976"
"Travis Jankowski","Padres","117","387","4","45","17","24","9.6 %","18.9 %",".086",".319",".259",".332",".346",".303","91","2.6","-1.9","-0.8","1.0","13768"
"Jake Marisnick","Astros","103","235","10","34","28","6","6.4 %","35.7 %",".188",".292",".211",".275",".399",".290","85","1.8","-2.5","4.3","1.0","11339"
"Manny Pina","Brewers","98","337","9","39","28","2","6.2 %","18.4 %",".144",".285",".252",".307",".395",".301","85","-3.5","-9.5","8.4","1.0","2829"
"Jose Bautista","- - -","122","399","13","52","48","4","16.8 %","27.8 %",".175",".262",".203",".348",".378",".324","107","0.4","3.7","-6.8","1.0","1887"
"Charlie Culberson","Braves","113","322","12","47","45","4","6.5 %","26.4 %",".196",".340",".270",".326",".466",".335","108","0.6","3.7","-4.4","1.0","3298"
"Rafael Devers","Red Sox","121","490","21","59","66","5","7.8 %","24.7 %",".193",".281",".240",".298",".433",".310","90","2.2","-3.7","-3.0","1.0","17350"
"Joe Mauer","Twins","127","543","6","64","48","0","9.4 %","15.8 %",".097",".330",".282",".351",".379",".319","98","-0.2","-1.2","-7.3","1.0","1857"
"Ben Gamel","Mariners","101","293","1","37","19","7","10.6 %","20.8 %",".097",".352",".272",".358",".370",".323","108","1.0","3.8","-4.1","1.0","12160"
"Jorge Soler","Royals","61","257","9","27","28","3","10.9 %","26.8 %",".202",".340",".265",".354",".466",".354","123","-2.6","4.6","-3.9","0.9","14221"
"Odubel Herrera","Phillies","148","597","22","64","71","5","6.4 %","20.4 %",".165",".290",".255",".310",".420",".315","97","1.7","-0.8","-9.0","0.9","11476"
"Curt Casali","Reds","52","156","4","15","16","0","7.7 %","20.5 %",".157",".352",".293",".355",".450",".347","115","-1.1","1.8","2.4","0.9","12510"
"Yoenis Cespedes","Mets","38","157","9","20","29","3","8.3 %","31.8 %",".234",".333",".262",".325",".496",".345","122","2.6","6.8","-2.8","0.9","13110"
"Martin Maldonado","- - -","119","404","9","39","44","0","4.0 %","24.3 %",".126",".280",".225",".276",".351",".275","74","-3.2","-15.8","11.3","0.9","6887"
"Jesse Winker","Reds","89","334","7","38","43","0","14.7 %","13.8 %",".132",".336",".299",".405",".431",".366","128","-2.2","9.3","-11.0","0.9","13590"
"Eric Thames","Brewers","96","278","16","41","37","7","10.4 %","34.9 %",".259",".284",".219",".306",".478",".330","105","1.8","3.3","-3.4","0.9","3711"
"Matt Wieters","Nationals","76","271","8","24","30","0","11.1 %","16.6 %",".136",".261",".238",".330",".374",".308","89","-1.2","-4.7","4.8","0.9","4298"
"Josh Bell","Pirates","148","583","12","74","62","2","13.2 %","17.8 %",".150",".305",".261",".357",".411",".336","112","-3.3","5.0","-14.8","0.9","13145"
"Michael A. Taylor","Nationals","134","385","6","46","28","24","7.5 %","30.1 %",".130",".320",".227",".287",".357",".280","71","5.4","-8.2","4.6","0.9","11489"
"Nick Hundley","Giants","96","305","10","34","31","2","7.2 %","27.9 %",".167",".310",".241",".298",".408",".304","91","-2.5","-5.7","4.4","0.9","3376"
"Curtis Granderson","- - -","123","403","13","60","38","2","13.4 %","26.3 %",".190",".311",".242",".351",".431",".341","116","-2.6","5.0","-9.8","0.9","4747"
"Tony Kemp","Astros","97","295","6","37","30","9","10.8 %","14.9 %",".129",".296",".263",".351",".392",".327","110","-2.0","1.6","-3.0","0.9","14894"
"Brandon Lowe","Rays","43","148","6","16","25","2","10.8 %","25.7 %",".217",".279",".233",".324",".450",".334","113","0.4","2.8","0.5","0.8","18882"
"Matt Davidson","White Sox","126","496","20","51","62","0","10.5 %","33.3 %",".191",".313",".228",".319",".419",".321","104","-2.2","0.1","-8.4","0.8","7226"
"Daniel Murphy","- - -","91","351","12","40","42","3","5.7 %","11.4 %",".155",".308",".299",".336",".454",".338","110","-1.4","3.0","-6.2","0.8","4316"
"Ryan O'Hearn","Royals","44","170","12","23","30","0","11.8 %","26.5 %",".336",".293",".262",".353",".597",".398","153","-1.7","9.2","-6.9","0.8","16442"
"Derek Dietrich","Marlins","149","551","16","72","45","2","5.3 %","25.4 %",".156",".336",".265",".330",".421",".326","109","-0.3","5.5","-15.2","0.8","10542"
"Jon Jay","- - -","143","586","3","74","40","4","5.6 %","16.2 %",".080",".319",".268",".330",".347",".301","86","-2.7","-12.5","1.3","0.8","5227"
"Brian Dozier","- - -","151","632","21","81","72","12","11.1 %","20.4 %",".175",".240",".215",".305",".391",".304","90","-0.7","-8.7","-4.3","0.8","9810"
"Lonnie Chisenhall","Indians","29","95","1","11","9","1","8.4 %","12.6 %",".131",".366",".321",".394",".452",".366","129","0.8","4.1","0.3","0.8","7571"
"Austin Romine","Yankees","77","265","10","30","42","1","6.4 %","25.3 %",".174",".292",".244",".295",".417",".307","91","-2.6","-5.5","4.2","0.8","5491"
"Matt Adams","- - -","121","337","21","42","57","0","8.0 %","21.7 %",".239",".245",".239",".309",".477",".334","107","-1.7","1.4","-4.6","0.8","9393"
"A.J. Ellis","Padres","66","183","1","19","15","0","14.2 %","20.2 %",".073",".348",".272",".378",".344",".325","105","-1.6","-0.5","2.1","0.8","5677"
"Clayton Kershaw","Dodgers","27","57","0","1","7","0","12.3 %","19.3 %",".043",".314",".239",".340",".283",".287","82","0.0","-1.3","6.9","0.8","2036"
"Willians Astudillo","Twins","30","97","3","9","21","0","2.1 %","3.1 %",".161",".341",".355",".371",".516",".379","139","0.1","4.7","-0.7","0.7","15608"
"Miguel Cabrera","Tigers","38","157","3","17","22","0","14.0 %","17.2 %",".149",".352",".299",".395",".448",".360","128","0.6","5.9","-3.9","0.7","1744"
"Zack Greinke","Diamondbacks","34","71","0","6","5","3","4.2 %","22.5 %",".063",".313",".234",".269",".297",".250","51","0.6","-3.7","8.6","0.7","1943"
"Yonder Alonso","Indians","145","574","23","64","83","0","8.9 %","21.4 %",".171",".283",".250",".317",".421",".319","97","-0.9","-3.2","-8.6","0.7","2530"
"Domingo Santana","Brewers","85","235","5","21","20","1","8.5 %","32.8 %",".147",".386",".265",".328",".412",".319","97","0.1","-0.7","0.3","0.7","10348"
"Welington Castillo","White Sox","49","181","6","17","15","1","5.0 %","25.4 %",".147",".322",".259",".304",".406",".308","95","-1.4","-2.5","3.6","0.7","3256"
"Devin Mesoraco","- - -","84","274","11","24","33","0","9.1 %","19.0 %",".176",".236",".221",".303",".398",".302","92","-1.7","-4.4","2.7","0.7","5666"
"Steven Duggar","Giants","41","152","2","20","17","5","6.6 %","28.9 %",".135",".354",".255",".303",".390",".297","87","2.5","0.2","2.0","0.7","17719"
"Robbie Grossman","Twins","129","465","5","50","48","0","12.9 %","17.8 %",".111",".329",".273",".367",".384",".333","108","-4.8","-0.3","-8.0","0.7","5254"
"Colin Moran","Pirates","144","465","11","49","58","0","8.4 %","17.6 %",".130",".316",".277",".340",".407",".322","103","-4.0","-2.5","-5.3","0.7","16909"
"Max Scherzer","Nationals","35","78","0","8","6","1","1.3 %","17.9 %",".029",".304",".243",".274",".271",".244","47","0.2","-4.9","9.4","0.7","3137"
"Danny Jansen","Blue Jays","31","95","3","12","8","0","9.5 %","17.9 %",".185",".274",".247",".347",".432",".340","115","0.3","2.1","1.7","0.7","16535"
"Ryan LaMarre","- - -","76","180","2","15","18","2","5.6 %","29.4 %",".103",".389",".279",".322",".382",".306","91","-0.3","-2.2","3.0","0.7","10700"
"Daniel Palka","White Sox","124","449","27","56","67","2","6.7 %","34.1 %",".245",".308",".240",".294",".484",".329","109","-0.8","3.9","-12.1","0.7","14897"
"German Marquez","Rockies","33","65","1","4","5","0","0.0 %","16.9 %",".050",".354",".300",".300",".350",".283","60","0.0","-3.2","7.8","0.7","15038"
"Peter O'Brien","Marlins","22","74","4","8","10","0","9.5 %","29.7 %",".258",".341",".273",".338",".530",".366","135","-0.4","2.7","1.2","0.6","13288"
"Jonathan Lucroy","Athletics","126","454","4","41","51","0","6.4 %","14.3 %",".084",".273",".241",".291",".325",".271","70","-3.6","-19.7","11.0","0.6","7870"
"Russell Martin","Blue Jays","90","352","10","37","25","0","15.9 %","23.3 %",".131",".234",".194",".338",".325",".305","91","-4.5","-8.1","2.7","0.6","4616"
"Mitch Moreland","Red Sox","124","459","15","57","68","2","10.9 %","22.2 %",".188",".288",".245",".325",".433",".325","100","-4.1","-3.8","-5.1","0.6","3086"
"Cory Spangenberg","Padres","116","329","7","35","25","6","7.6 %","32.8 %",".128",".344",".235",".298",".362",".290","83","2.4","-4.6","0.4","0.6","12294"
"Jake Bauers","Rays","96","388","11","48","48","6","13.9 %","26.8 %",".183",".252",".201",".316",".384",".308","95","2.0","-0.1","-6.7","0.6","15194"
"Joey Rickard","Orioles","79","230","8","27","23","4","6.5 %","23.9 %",".169",".293",".244",".300",".413",".309","93","1.9","0.1","-1.6","0.6","13277"
"Chris Herrmann","Mariners","36","87","2","6","7","0","11.5 %","27.6 %",".184",".314",".237",".322",".421",".321","107","0.9","1.5","1.5","0.6","9284"
"Brian Goodwin","- - -","75","180","6","20","25","4","8.9 %","31.7 %",".151",".330",".239",".318",".390",".311","93","-0.3","-1.8","2.0","0.6","12858"
"Hernan Perez","Brewers","132","334","9","36","29","11","5.1 %","21.3 %",".133",".300",".253",".290",".386",".292","79","0.6","-7.9","3.1","0.6","5751"
"Manuel Margot","Padres","141","519","8","50","51","11","6.2 %","17.0 %",".138",".281",".245",".292",".384",".288","81","-1.4","-13.6","2.9","0.6","14712"
"Kevin Plawecki","Mets","79","277","7","33","30","0","10.1 %","23.5 %",".160",".257",".210",".315",".370",".302","93","-4.8","-7.2","4.2","0.6","13807"
"Craig Gentry","Orioles","68","169","1","13","11","12","6.5 %","18.3 %",".077",".331",".269",".321",".346",".295","84","2.6","-0.6","0.8","0.6","9571"
"Juan Lagares","Mets","30","64","0","9","6","3","4.7 %","14.1 %",".051",".392",".339",".375",".390",".329","112","1.0","1.9","1.6","0.6","5384"
"Spencer Kieboom","Nationals","52","143","2","16","13","0","11.2 %","19.6 %",".088",".281",".232",".322",".320",".290","77","-0.1","-4.1","4.9","0.6","13300"
"Ehire Adrianza","Twins","114","366","6","42","39","5","6.6 %","22.4 %",".128",".313",".251",".301",".379",".294","82","0.3","-7.8","1.0","0.5","8418"
"Adam Jones","Orioles","145","613","15","54","63","7","3.9 %","15.2 %",".138",".311",".281",".313",".419",".315","98","-0.9","-2.6","-12.5","0.5","6368"
"Alen Hanson","Giants","110","310","8","36","39","7","2.9 %","22.9 %",".173",".303",".252",".274",".425",".296","86","2.7","-2.4","-2.4","0.5","12926"
"Jonathan Schoop","- - -","131","501","21","61","61","1","3.8 %","23.0 %",".184",".261",".233",".266",".416",".290","80","-2.3","-14.6","3.3","0.5","11265"
"Brett Phillips","- - -","51","147","2","15","11","1","7.5 %","41.5 %",".119",".319",".187",".252",".306",".246","49","0.8","-8.1","8.3","0.5","14735"
"Ronald Guzman","Rangers","123","428","16","46","58","1","7.7 %","28.3 %",".181",".299",".235",".306",".416",".312","88","1.2","-4.8","-4.3","0.5","14388"
"J.T. Riddle","Marlins","102","332","9","28","36","0","6.0 %","20.2 %",".146",".266",".231",".277",".377",".282","79","-2.4","-11.0","5.5","0.5","17642"
"Victor Robles","Nationals","21","66","3","8","10","3","6.1 %","18.2 %",".237",".311",".288",".348",".525",".370","131","-0.4","2.1","0.7","0.5","18363"
"Cameron Maybin","- - -","129","384","4","32","28","10","9.9 %","19.5 %",".088",".306",".249",".326",".336",".295","88","-1.1","-6.8","-0.7","0.5","5223"
"Rowdy Tellez","Blue Jays","23","73","4","10","14","0","2.7 %","28.8 %",".300",".391",".314",".329",".614",".392","151","0.4","4.8","-2.6","0.5","15679"
"Justin Bour","- - -","141","501","20","49","59","2","14.6 %","24.8 %",".177",".270",".227",".341",".404",".324","107","-6.2","-2.0","-9.2","0.5","9744"
"Corey Seager","Dodgers","26","115","2","13","13","0","9.6 %","14.8 %",".129",".301",".267",".348",".396",".324","106","-0.3","0.6","0.3","0.5","13624"
"Wilmer Flores","Mets","126","429","11","43","51","0","6.8 %","9.8 %",".150",".269",".267",".319",".417",".316","103","-4.2","-2.8","-6.3","0.5","5827"
"Pablo Reyes","Pirates","18","63","3","9","7","0","7.9 %","17.5 %",".190",".318",".293",".349",".483",".359","127","-0.2","1.8","0.6","0.5","16357"
"Isaac Galloway","Marlins","43","74","3","7","7","1","12.2 %","28.4 %",".188",".250",".203",".301",".391",".304","94","0.1","-0.5","2.6","0.5","5238"
"Brian McCann","Astros","63","216","7","22","23","0","8.8 %","18.5 %",".127",".229",".212",".301",".339",".286","82","-2.1","-6.8","4.1","0.5","4810"
"Kevan Smith","White Sox","52","187","3","21","21","1","5.3 %","9.6 %",".088",".311",".292",".348",".380",".322","104","-1.8","-1.0","-0.8","0.5","12284"
"Evan Longoria","Giants","125","512","16","51","54","3","4.3 %","19.7 %",".169",".274",".244",".281",".413",".295","85","-0.2","-9.3","-2.6","0.4","9368"
"Melky Cabrera","Indians","78","278","6","28","39","1","7.2 %","13.7 %",".140",".303",".280",".335",".420",".326","102","-2.5","-2.0","-2.9","0.4","4022"
"Chris Iannetta","Rockies","110","360","11","36","36","0","13.9 %","24.2 %",".161",".275",".224",".345",".385",".320","84","-3.5","-10.5","3.4","0.4","8267"
"Ronald Torreyes","Yankees","41","102","0","9","7","0","2.0 %","15.7 %",".090",".333",".280",".294",".370",".287","78","0.5","-2.2","3.0","0.4","11400"
"Lourdes Gurriel Jr.","Blue Jays","65","263","11","30","35","1","3.4 %","22.4 %",".165",".326",".281",".309",".446",".322","103","-0.8","0.2","-4.9","0.4","19238"
"Patrick Wisdom","Cardinals","32","58","4","11","10","2","10.3 %","32.8 %",".260",".333",".260",".362",".520",".379","141","0.9","3.7","-1.6","0.4","13602"
"Adeiny Hechavarria","- - -","94","321","6","34","31","2","5.0 %","18.1 %",".098",".280",".247",".279",".345",".268","67","0.5","-12.0","5.4","0.4","10459"
"Howie Kendrick","Nationals","40","160","4","17","12","1","3.1 %","18.1 %",".171",".350",".303",".331",".474",".342","112","-2.3","0.1","-1.3","0.4","4229"
"Jose Briceno","Angels","46","128","5","12","10","0","6.3 %","27.3 %",".145",".299",".239",".299",".385",".300","91","-2.3","-3.7","3.3","0.4","13151"
"Phillip Ervin","Reds","78","247","7","27","31","6","8.1 %","24.3 %",".151",".310",".252",".324",".404",".315","94","2.4","0.7","-4.7","0.4","14738"
"Wilmer Difo","Nationals","148","456","7","55","42","10","8.6 %","18.0 %",".120",".269",".230",".298",".350",".280","71","0.7","-15.3","4.7","0.4","14320"
"Tanner Roark","Nationals","31","65","0","6","8","0","1.5 %","29.2 %",".069",".282",".190",".217",".259",".209","23","0.0","-6.1","7.8","0.4","8753"
"Greg Garcia","Cardinals","114","208","3","15","15","3","9.6 %","17.8 %",".083",".259",".221",".309",".304",".276","72","1.0","-6.2","3.0","0.4","10951"
"Rene Rivera","- - -","33","91","4","8","11","0","4.4 %","38.5 %",".186",".340",".233",".275",".419",".298","90","-1.1","-2.3","2.6","0.3","3648"
"Zack Cozart","Angels","58","253","5","29","18","0","7.5 %","16.6 %",".143",".244",".219",".296",".362",".289","84","0.6","-4.4","-0.6","0.3","2616"
"Teoscar Hernandez","Blue Jays","134","523","22","67","57","5","7.8 %","31.2 %",".229",".313",".239",".302",".468",".328","107","-1.3","3.1","-17.1","0.3","13066"
"Jacob deGrom","Mets","32","74","0","1","5","0","5.4 %","33.8 %",".015",".262",".164",".211",".179",".180","12","0.0","-8.0","8.9","0.3","10954"
"Mac Williamson","Giants","28","105","4","14","11","1","10.5 %","25.7 %",".170",".254",".213",".295",".383",".298","87","0.3","-1.3","1.2","0.3","14158"
"Josh Harrison","Pirates","97","374","8","41","37","3","4.8 %","18.2 %",".113",".286",".250",".293",".363",".285","78","2.4","-7.8","-0.8","0.3","8202"
"Richard Urena","Blue Jays","40","108","1","10","6","2","6.5 %","29.6 %",".071",".424",".293",".340",".364",".311","95","-0.3","-0.9","0.6","0.3","16411"
"Aramis Garcia","Giants","19","65","4","8","9","0","3.1 %","47.7 %",".206",".500",".286",".308",".492",".341","117","0.1","1.4","-0.2","0.3","16925"
"Austin Barnes","Dodgers","100","238","4","32","14","4","13.0 %","28.2 %",".085",".287",".205",".329",".290",".281","77","-0.6","-7.1","2.8","0.3","12158"
"Patrick Corbin","Diamondbacks","33","67","0","1","5","0","3.0 %","37.3 %",".016",".333",".197",".222",".213",".195","14","0.0","-7.0","8.1","0.3","9323"
"J.P. Crawford","Phillies","49","138","3","17","12","2","9.4 %","26.8 %",".179",".286",".214",".319",".393",".313","96","0.7","0.0","-1.3","0.3","15491"
"Tyler Naquin","Indians","61","183","3","22","23","1","3.3 %","23.0 %",".092",".331",".264",".295",".356",".282","72","1.7","-4.5","1.5","0.3","13359"
"Delino DeShields","Rangers","106","393","2","52","22","20","10.9 %","21.1 %",".066",".280",".216",".310",".281",".271","61","4.0","-14.5","4.5","0.3","11379"
"Miles Mikolas","Cardinals","34","71","2","4","6","0","2.8 %","46.5 %",".111",".241",".143",".167",".254",".181","9","0.0","-7.9","8.6","0.3","9803"
"Zack Wheeler","Mets","29","60","0","4","4","0","0.0 %","35.0 %",".036",".306",".196",".193",".232",".183","13","0.0","-6.4","7.2","0.3","10310"
"Roman Quinn","Phillies","50","143","2","13","12","10","7.0 %","24.5 %",".153",".351",".267",".324",".420",".322","101","-0.4","-0.2","-1.6","0.3","13546"
"Jake Lamb","Diamondbacks","56","238","6","34","31","1","10.9 %","27.3 %",".126",".286",".222",".307",".348",".290","78","0.2","-6.3","1.5","0.3","13329"
"Mark Trumbo","Orioles","90","358","17","41","44","0","6.7 %","24.3 %",".191",".303",".261",".313",".452",".329","107","-1.7","1.2","-10.2","0.3","6876"
"Steven Matz","Mets","30","53","2","2","4","0","5.7 %","24.5 %",".152",".097",".109",".163",".261",".186","16","0.0","-5.5","6.4","0.3","13361"
"Bradley Zimmer","Indians","34","114","2","14","9","4","6.1 %","38.6 %",".104",".367",".226",".281",".330",".270","63","1.0","-4.0","2.8","0.3","16221"
"Tyler Austin","- - -","69","268","17","34","47","1","7.1 %","35.4 %",".250",".289",".230",".287",".480",".325","103","-0.4","0.5","-6.8","0.3","11850"
"Nick Williams","Phillies","140","448","17","53","50","3","7.1 %","24.8 %",".170",".312",".256",".324",".425",".324","103","0.4","2.0","-13.7","0.3","14330"
"Jarrod Dyson","Diamondbacks","67","237","2","29","12","16","11.4 %","14.3 %",".068",".216",".189",".282",".257",".244","47","3.8","-11.4","6.4","0.3","4866"
"Adam Duvall","- - -","138","427","15","48","61","2","8.7 %","27.4 %",".169",".237",".195",".274",".365",".277","69","2.5","-13.5","2.5","0.3","10950"
"Franklin Barreto","Athletics","32","75","5","10","16","0","1.3 %","38.7 %",".260",".308",".233",".253",".493",".315","100","0.6","0.6","-0.6","0.2","15519"
"Tommy La Stella","Cubs","123","192","1","23","19","0","8.9 %","14.1 %",".065",".312",".266",".340",".331",".300","86","-0.5","-3.7","0.0","0.2","12371"
"Julio Teheran","Braves","31","54","1","2","4","0","1.9 %","14.8 %",".075",".188",".175",".190",".250",".190","11","0.0","-5.9","6.5","0.2","6797"
"Pete Kozma","Tigers","27","73","1","7","8","0","2.7 %","20.5 %",".130",".259",".217",".236",".348",".249","52","-0.1","-4.3","4.2","0.2","2539"
"Rosell Herrera","- - -","86","302","1","25","20","3","6.3 %","18.9 %",".083",".288",".234",".286",".317",".266","63","0.4","-12.9","5.2","0.2","11611"
"Jhoulys Chacin","Brewers","36","68","0","2","1","0","4.4 %","25.0 %",".018",".231",".161",".203",".179",".175","2","0.0","-8.2","8.2","0.2","2608"
"Tyler Saladino","- - -","58","139","5","13","16","2","6.5 %","29.5 %",".151",".321",".246",".299",".397",".302","86","-0.1","-2.4","0.1","0.2","10807"
"Austin Wynns","Orioles","42","118","4","16","11","0","4.2 %","21.2 %",".127",".296",".255",".287",".382",".291","81","-1.6","-4.3","2.5","0.2","15271"
"Yandy Diaz","Indians","39","120","1","15","15","0","9.2 %","15.8 %",".110",".371",".312",".375",".422",".346","115","-1.2","1.0","-2.9","0.2","16578"
"Francisco Arcia","Angels","41","106","6","10","23","1","0.9 %","25.5 %",".223",".214",".204",".226",".427",".277","75","0.0","-3.2","1.7","0.2","10286"
"Christian Arroyo","Rays","20","59","1","5","6","0","10.2 %","27.1 %",".132",".361",".264",".339",".396",".323","106","0.0","0.4","-0.3","0.2","16434"
"Jorge Bonifacio","Royals","69","270","4","31","23","0","10.7 %","26.3 %",".136",".301",".225",".312",".360",".296","83","0.4","-4.9","-1.9","0.2","12174"
"Jose Fernandez","Angels","36","123","2","9","11","1","4.9 %","12.2 %",".121",".293",".267",".309",".388",".304","94","0.3","-0.6","-1.4","0.2","19254"
"Adam Engel","White Sox","143","463","6","49","29","16","3.9 %","27.9 %",".100",".322",".235",".279",".336",".270","68","3.1","-14.4","1.1","0.2","15082"
"Kendrys Morales","Blue Jays","130","471","21","47","57","2","10.6 %","20.2 %",".189",".272",".249",".331",".438",".329","108","-5.4","-0.9","-12.7","0.2","8610"
"Josh Phegley","Athletics","39","102","2","13","15","0","5.9 %","26.5 %",".140",".258",".204",".255",".344",".259","62","0.0","-4.6","3.1","0.2","9308"
"Erik Kratz","Brewers","67","219","6","18","23","1","2.7 %","18.3 %",".118",".264",".236",".280",".355",".278","70","-1.2","-9.3","4.2","0.2","4403"
"Jake Arrieta","Phillies","31","50","1","3","3","0","6.0 %","54.0 %",".067",".294",".133",".188",".200",".177","4","0.0","-5.9","6.0","0.2","4153"
"Alex Avila","Diamondbacks","80","234","7","13","20","0","15.8 %","38.5 %",".139",".253",".165",".299",".304",".273","66","-1.2","-10.9","5.2","0.2","7476"
"Erik Gonzalez","Indians","81","143","1","17","16","3","3.5 %","23.8 %",".110",".347",".265",".301",".375",".294","80","1.1","-2.3","-0.7","0.2","13369"
"Austin Meadows","- - -","59","191","6","19","17","5","5.2 %","20.9 %",".174",".336",".287",".325",".461",".332","110","1.0","3.2","-7.7","0.2","15672"
"Alex Verdugo","Dodgers","37","86","1","11","4","0","9.3 %","16.3 %",".117",".306",".260",".329",".377",".311","98","0.6","0.4","-1.6","0.2","17027"
"Kyle Farmer","Dodgers","39","77","0","1","9","0","6.5 %","19.5 %",".088",".296",".235",".312",".324",".278","76","-0.2","-2.5","1.6","0.2","14813"
"Michael Perez","Rays","24","80","1","9","11","0","3.8 %","23.8 %",".108",".357",".284",".304",".392",".298","89","-0.6","-1.7","0.6","0.2","12977"
"Matt Joyce","Athletics","83","246","7","34","15","0","14.2 %","21.5 %",".145",".242",".208",".322",".353",".299","89","-0.3","-3.4","-3.2","0.2","3353"
"Brandon Guyer","Indians","104","221","7","25","27","1","6.8 %","21.7 %",".165",".237",".206",".300",".371",".298","82","-0.3","-5.0","-0.9","0.1","2636"
"Chase d'Arnaud","Giants","42","100","3","9","9","2","4.0 %","37.0 %",".151",".315",".215",".253",".366",".266","66","0.4","-3.7","1.9","0.1","6652"
"Gorkys Hernandez","Giants","142","451","15","52","40","8","6.0 %","25.1 %",".157",".283",".234",".285",".391",".292","83","-2.4","-11.5","-1.5","0.1","4146"
"Luis Urias","Padres","12","53","2","5","5","1","5.7 %","18.9 %",".146",".216",".208",".264",".354",".269","68","0.4","-1.7","1.3","0.1","16622"
"Clayton Richard","Padres","28","51","1","3","3","0","3.9 %","47.1 %",".095",".176",".095",".156",".190",".159","-6","0.0","-6.6","6.1","0.1","3551"
"Jose Rondon","White Sox","42","107","6","15","14","2","6.5 %","28.0 %",".240",".266",".230",".280",".470",".319","102","-2.1","-1.8","-0.6","0.1","14140"
"Dilson Herrera","Reds","53","97","5","11","11","0","8.2 %","40.2 %",".230",".256",".184",".268",".414",".295","81","0.7","-1.6","-0.3","0.1","14335"
"Taylor Ward","Angels","40","147","6","14","15","2","6.1 %","30.6 %",".156",".214",".178",".245",".333",".255","60","0.8","-6.2","2.5","0.1","17548"
"Matt Holliday","Rockies","25","65","2","3","3","0","18.5 %","27.7 %",".151",".394",".283",".415",".434",".377","122","0.4","2.2","-3.2","0.1","1873"
"Jack Flaherty","Cardinals","31","52","0","2","0","0","3.8 %","38.5 %",".000",".269",".152",".188",".152",".157","-7","0.0","-6.8","6.3","0.1","17479"
"Jordan Luplow","Pirates","37","103","3","16","7","2","9.7 %","17.5 %",".174",".197",".185",".272",".359",".277","72","-2.3","-5.7","3.5","0.1","16424"
"Pablo Sandoval","Giants","92","252","9","22","40","0","7.5 %","20.6 %",".170",".282",".248",".310",".417",".312","97","-1.8","-2.7","-4.2","0.1","5409"
"Franchy Cordero","Padres","40","154","7","19","19","5","9.1 %","35.7 %",".201",".338",".237",".307",".439",".322","104","2.0","2.7","-6.6","0.1","14567"
"Joe Panik","Giants","102","392","4","38","24","4","6.6 %","7.7 %",".078",".265",".254",".307",".332",".280","75","-1.3","-13.0","1.5","0.1","11936"
"Guillermo Heredia","Mariners","125","337","5","29","19","2","9.5 %","15.4 %",".106",".270",".236",".318",".342",".295","89","-0.9","-5.4","-4.8","0.1","18721"
"Mark Reynolds","Nationals","86","235","13","26","40","0","10.2 %","27.2 %",".228",".288",".248",".328",".476",".342","112","-3.9","-0.4","-6.2","0.1","7619"
"Dwight Smith Jr.","Blue Jays","35","75","2","9","8","0","9.3 %","17.3 %",".215",".294",".262",".347",".477",".353","124","0.1","2.2","-3.9","0.1","13473"
"Chase Utley","Dodgers","87","187","1","18","14","3","9.1 %","18.2 %",".091",".262",".213",".305",".305",".272","71","1.7","-4.9","-0.3","0.1","1679"
"Jay Bruce","Mets","94","361","9","31","37","2","11.4 %","20.8 %",".147",".263",".223",".310",".370",".296","89","0.4","-4.4","-6.3","0.1","9892"
"Andrew Romine","Mariners","75","131","0","15","2","1","5.3 %","29.8 %",".034",".313",".210",".260",".244",".228","43","1.7","-7.1","3.5","0.1","1159"
"Dan Vogelbach","Mariners","37","102","4","9","13","0","12.7 %","25.5 %",".161",".246",".207",".324",".368",".310","99","-1.5","-1.6","-1.2","0.1","14130"
"Gregorio Petit","Twins","26","67","0","7","3","3","9.0 %","20.9 %",".033",".319",".246",".313",".279",".270","65","0.1","-2.7","1.0","0.1","3812"
"Neil Walker","Yankees","113","398","11","48","46","0","10.6 %","21.9 %",".135",".257",".219",".309",".354",".291","81","1.1","-8.2","-4.4","0.1","7539"
"Andrew Knapp","Phillies","84","215","4","19","15","1","11.2 %","34.9 %",".118",".303",".198",".294",".316",".273","68","0.7","-7.7","1.3","0.1","14942"
"Chad Wallach","Marlins","15","52","1","4","5","0","7.7 %","44.2 %",".089",".333",".178",".275",".267",".250","58","0.5","-2.2","1.0","0.0","17161"
"Noah Syndergaard","Mets","25","52","0","0","3","0","1.9 %","61.5 %",".043",".375",".128",".143",".170",".137","-17","0.0","-7.5","6.3","0.0","11762"
"Dee Gordon","Mariners","141","588","4","62","36","30","1.5 %","13.6 %",".081",".304",".268",".288",".349",".277","77","3.5","-13.0","-5.9","0.0","8203"
"Leury Garcia","White Sox","82","275","4","23","32","12","3.3 %","25.1 %",".105",".355",".271",".303",".376",".295","86","0.8","-3.9","-4.7","0.0","5913"
"Michael Hermosillo","Angels","31","62","1","7","1","0","4.8 %","27.4 %",".123",".282",".211",".274",".333",".269","70","-0.1","-2.4","0.8","0.0","16285"
"Max Moroff","Pirates","26","67","3","7","9","0","10.4 %","35.8 %",".169",".250",".186",".284",".356",".278","73","0.2","-2.0","0.3","0.0","14556"
"Brad Miller","- - -","75","254","7","21","29","0","8.7 %","32.3 %",".165",".350",".248",".311",".413",".312","97","-1.1","-2.3","-5.6","0.0","12775"
"Francisco Mejia","- - -","21","62","3","6","8","0","8.1 %","30.6 %",".196",".206",".179",".258",".375",".277","73","-0.1","-2.2","0.6","0.0","16403"
"Grayson Greiner","Tigers","30","116","0","9","12","0","14.7 %","27.6 %",".063",".313",".219",".328",".281",".279","73","0.0","-3.7","0.2","0.0","17062"
"Greg Allen","Indians","91","291","2","36","20","21","4.8 %","19.9 %",".087",".320",".257",".310",".343",".288","75","2.7","-5.9","-3.3","0.0","16623"
"Pedro Florimon","Phillies","50","76","2","13","5","1","6.6 %","39.5 %",".197",".359",".225",".276",".423",".299","86","0.2","-1.1","-0.9","0.0","8385"
"Tzu-Wei Lin","Red Sox","37","73","1","15","6","0","11.0 %","23.3 %",".169",".319",".246",".329",".415",".324","99","-0.4","-0.5","-1.6","0.0","14678"
"David Freitas","Mariners","36","106","1","9","5","0","7.5 %","23.6 %",".097",".284",".215",".277",".312",".262","67","-0.5","-4.7","1.5","0.0","10619"
"Kole Calhoun","Angels","137","552","19","71","57","6","9.6 %","24.1 %",".161",".241",".208",".283",".369",".283","79","-0.9","-14.4","-3.4","0.0","11200"
"John Hicks","Tigers","81","312","9","35","32","0","7.1 %","26.9 %",".142",".337",".260",".312",".403",".311","95","-2.3","-4.3","-5.7","0.0","12547"
"Yairo Munoz","Cardinals","108","329","8","39","42","5","9.1 %","21.6 %",".137",".338",".276",".350",".413",".326","106","-1.9","0.3","-10.5","0.0","16313"
"Miguel Sano","Twins","71","299","13","32","41","0","10.4 %","38.5 %",".199",".286",".199",".281",".398",".295","82","-0.3","-6.8","-2.8","0.0","12164"
"Avisail Garcia","White Sox","93","385","19","47","49","3","5.2 %","26.5 %",".202",".271",".236",".281",".438",".304","92","-1.3","-5.0","-7.5","0.0","5760"
"Greg Bird","Yankees","82","311","11","23","38","0","9.6 %","25.1 %",".188",".230",".199",".286",".386",".291","81","0.6","-6.7","-3.4","0.0","14131"
"Caleb Joseph","Orioles","82","280","3","28","17","2","3.6 %","24.3 %",".102",".282",".219",".254",".321",".251","54","-0.9","-16.4","7.3","0.0","7087"
"Sean Rodriguez","Pirates","66","173","5","21","19","1","12.7 %","34.7 %",".147",".235",".167",".277",".313",".264","64","1.4","-6.2","0.8","0.0","6589"
"Austin Slater","Giants","74","225","1","21","23","7","8.9 %","30.7 %",".055",".377",".251",".333",".307",".287","80","0.8","-4.5","-2.4","0.0","16153"
"Ryan McMahon","Rockies","91","202","5","17","19","1","8.9 %","31.7 %",".144",".327",".232",".307",".376",".296","68","1.6","-6.2","-0.1","0.0","15112"
"Chance Sisco","Orioles","63","184","2","13","16","1","7.1 %","35.9 %",".088",".293",".181",".288",".269",".259","59","-1.1","-10.1","4.1","0.0","15694"
"Mason Williams","Reds","51","132","2","10","6","1","5.3 %","22.0 %",".106",".370",".293",".331",".398",".315","94","-0.7","-1.6","-2.6","0.0","11859"
"Derek Fisher","Astros","42","86","4","13","11","2","5.8 %","48.8 %",".228",".257",".165",".209",".392",".251","59","1.5","-2.8","-0.1","0.0","16192"
"Lucas Duda","- - -","107","367","14","35","50","1","7.6 %","27.8 %",".177",".302",".241",".313",".418",".315","97","-3.4","-4.9","-7.3","0.0","2502"
"Chris Stratton","Giants","28","50","0","0","5","0","0.0 %","52.0 %",".023",".333",".140",".136",".163",".128","-26","0.0","-7.7","6.0","0.0","13761"
"Chris Gimenez","- - -","25","66","2","7","7","1","9.1 %","24.2 %",".123",".244",".211",".288",".333",".274","69","-0.7","-3.3","1.0","0.0","7324"
"Stephen Strasburg","Nationals","22","51","0","0","1","0","3.9 %","23.5 %",".000",".172",".122",".163",".122",".134","-26","0.0","-7.9","6.1","0.0","10131"
"Trevor Williams","Pirates","31","51","0","3","0","0","3.9 %","25.5 %",".000",".167",".116",".156",".116",".128","-27","0.0","-7.9","6.1","0.0","16977"
"Adrian Sanchez","Nationals","28","59","0","8","3","0","1.7 %","13.6 %",".069",".320",".276",".288",".345",".275","67","1.1","-1.3","-0.8","0.0","11338"
"Victor Caratini","Cubs","76","200","2","21","21","0","6.0 %","21.0 %",".072",".290",".232",".293",".304",".268","65","0.8","-7.9","1.4","0.0","14968"
"Evan Gattis","Astros","128","451","25","49","78","1","7.3 %","22.4 %",".226",".232",".226",".284",".452",".311","99","-2.7","-3.3","-11.8","0.0","11003"
"John Andreoli","- - -","26","67","0","4","4","2","7.5 %","28.4 %",".033",".326",".230",".284",".262",".246","51","1.0","-3.0","0.5","0.0","13012"
"Billy McKinney","- - -","38","132","6","14","13","1","8.3 %","25.0 %",".210",".296",".252",".318",".462",".335","111","-1.6","0.2","-4.9","0.0","15654"
"Johnny Field","- - -","84","233","9","28","21","4","3.0 %","30.9 %",".181",".284",".222",".254",".403",".281","76","0.4","-6.2","-1.9","0.0","15048"
"Shane Robinson","Yankees","25","54","1","8","2","1","7.4 %","11.1 %",".082",".143",".143",".208",".224",".197","16","0.2","-5.2","3.1","0.0","4249"
"Gerardo Parra","Rockies","142","443","6","52","53","11","7.2 %","16.9 %",".087",".334",".284",".342",".372",".313","80","-0.7","-11.8","-2.7","0.0","8553"
"Scott Kingery","Phillies","147","484","8","55","35","10","5.0 %","26.0 %",".113",".291",".226",".267",".338",".263","62","3.4","-19.3","3.4","-0.1","17975"
"Jon Lester","Cubs","34","65","1","4","9","0","0.0 %","33.8 %",".051",".167",".119",".119",".169",".124","-31","0.0","-10.5","7.8","-0.1","4930"
"John Ryan Murphy","Diamondbacks","87","223","9","19","24","0","4.9 %","31.8 %",".173",".256",".202",".244",".375",".265","61","1.2","-9.5","1.7","-0.1","10346"
"Jett Bandy","Brewers","24","71","1","5","1","0","4.2 %","32.4 %",".078",".275",".188",".268",".266",".245","48","0.1","-4.5","1.5","-0.1","12508"
"Alex Blandino","Reds","69","147","1","14","8","0","8.8 %","27.9 %",".055",".337",".234",".324",".289",".279","70","-0.3","-5.7","0.2","-0.1","16271"
"Gordon Beckham","Mariners","22","50","0","3","1","1","8.0 %","22.0 %",".023",".242",".182",".250",".205",".212","32","0.4","-3.7","1.1","-0.1","9015"
"Drew Robinson","Rangers","47","125","3","20","9","2","12.8 %","45.6 %",".110",".347",".183",".288",".294",".265","57","0.9","-5.6","0.4","-0.1","11761"
"James McCann","Tigers","118","457","8","31","39","0","5.7 %","25.4 %",".094",".282",".220",".267",".314",".256","58","-4.1","-27.2","11.1","-0.1","12859"
"Andrew Stevenson","Nationals","57","86","1","9","13","1","7.0 %","26.7 %",".067",".333",".253",".306",".320",".276","68","-0.2","-3.5","-0.3","-0.1","17932"
"Christian Walker","Diamondbacks","37","53","3","6","6","1","5.7 %","41.5 %",".224",".208",".163",".226",".388",".264","61","0.1","-2.5","-0.3","-0.1","13419"
"Breyvic Valera","- - -","32","75","0","8","8","1","9.3 %","17.3 %",".031",".283",".234",".301",".266",".256","59","0.6","-3.1","-0.4","-0.1","12758"
"Dixon Machado","Tigers","67","233","1","20","21","1","6.0 %","17.6 %",".084",".249",".206",".263",".290",".244","49","1.4","-12.7","3.9","-0.1","11472"
"Zach Eflin","Phillies","25","50","1","3","1","0","0.0 %","62.0 %",".068",".250",".091",".091",".159",".106","-43","0.0","-8.7","6.0","-0.1","13774"
"Eric Hosmer","Padres","157","677","18","72","69","7","9.2 %","21.0 %",".145",".302",".253",".322",".398",".309","95","-4.2","-8.2","-14.4","-0.1","3516"
"Christin Stewart","Tigers","17","72","2","7","10","0","13.9 %","18.1 %",".150",".304",".267",".375",".417",".348","120","-0.3","1.5","-5.0","-0.1","17714"
"Luis Castillo","Reds","31","65","0","4","2","0","3.1 %","35.4 %",".017",".167",".102",".131",".119",".115","-39","0.0","-11.1","7.8","-0.1","15689"
"Tyler Anderson","Rockies","33","60","0","7","1","0","5.0 %","53.3 %",".000",".278",".100",".167",".100",".133","-40","0.0","-10.3","7.2","-0.1","12880"
"Tom Murphy","Rockies","37","96","2","5","11","0","3.1 %","45.8 %",".161",".404",".226",".250",".387",".268","49","-0.6","-6.6","2.3","-0.1","13499"
"Jose Osuna","Pirates","51","111","3","14","11","0","2.7 %","19.8 %",".170",".256",".226",".252",".396",".276","72","0.1","-3.7","-1.1","-0.1","12937"
"Kyle Higashioka","Yankees","29","79","3","6","6","0","7.6 %","20.3 %",".153",".170",".167",".241",".319",".248","51","0.1","-4.6","0.4","-0.2","5517"
"Rajai Davis","Indians","101","216","1","33","6","21","5.1 %","22.2 %",".056",".291",".224",".278",".281",".251","50","2.7","-10.1","1.5","-0.2","3708"
"Albert Pujols","Angels","117","498","19","50","64","1","5.6 %","13.1 %",".166",".247",".245",".289",".411",".299","90","-2.9","-8.6","-9.3","-0.2","1177"
"Tony Wolters","Rockies","74","216","3","19","27","2","12.0 %","15.3 %",".115",".189",".170",".292",".286",".261","45","0.9","-13.6","5.1","-0.2","11470"
"Jason Castro","Twins","19","74","1","4","3","0","12.2 %","35.1 %",".095",".216",".143",".257",".238",".231","39","-1.2","-6.7","2.5","-0.2","8722"
"Bruce Maxwell","Athletics","18","58","1","5","6","0","3.4 %","22.4 %",".127",".214",".182",".207",".309",".221","36","-1.3","-5.8","2.1","-0.2","13866"
"Hanley Ramirez","Red Sox","44","195","6","25","29","4","7.2 %","17.9 %",".141",".283",".254",".313",".395",".308","89","-2.4","-5.0","-3.2","-0.2","8001"
"Preston Tucker","- - -","97","184","6","19","27","0","7.1 %","23.4 %",".175",".271",".229",".299",".404",".306","88","-0.3","-2.9","-4.7","-0.2","13633"
"Pedro Alvarez","Orioles","45","127","8","18","18","0","12.6 %","28.3 %",".234",".179",".180",".283",".414",".304","90","-0.4","-1.9","-4.1","-0.2","2495"
"Logan Forsythe","- - -","120","416","2","37","27","3","9.9 %","20.0 %",".059",".293",".232",".313",".291",".274","70","1.1","-13.9","-1.4","-0.2","7185"
"Raffy Lopez","Padres","37","117","3","11","13","1","11.1 %","36.8 %",".108",".259",".176",".265",".284",".236","46","-0.3","-7.9","2.3","-0.2","12606"
"Andrew Suarez","Giants","29","51","0","1","0","0","3.9 %","52.9 %",".000",".150",".064",".102",".064",".082","-57","0.0","-9.8","6.1","-0.2","18300"
"Mikie Mahtook","Tigers","67","250","9","24","29","4","8.4 %","26.4 %",".157",".238",".202",".276",".359",".276","71","-0.3","-9.0","-1.3","-0.2","13130"
"Jon Gray","Rockies","31","61","0","2","2","0","4.9 %","49.2 %",".038",".182",".077",".127",".115",".115","-53","0.0","-11.4","7.4","-0.2","14916"
"Ryan Goins","Royals","41","120","0","10","6","0","3.3 %","24.2 %",".087",".302",".226",".252",".313",".246","49","-1.0","-8.2","2.2","-0.2","9807"
"Trey Mancini","Orioles","156","636","24","69","58","0","6.9 %","24.1 %",".174",".285",".242",".299",".416",".308","93","-0.2","-5.9","-17.2","-0.2","15149"
"Matt Harvey","- - -","32","57","0","1","1","0","3.5 %","33.3 %",".000",".118",".075",".109",".075",".089","-56","0.0","-10.9","6.9","-0.2","11713"
"Zack Godley","Diamondbacks","33","65","0","1","1","0","6.2 %","46.2 %",".000",".130",".057",".123",".057",".095","-53","0.0","-12.1","7.8","-0.2","14862"
"Brandon Dixon","Reds","74","124","5","14","10","0","4.8 %","34.7 %",".178",".229",".178",".218",".356",".247","48","0.4","-7.4","1.3","-0.2","15214"
"Gio Gonzalez","- - -","32","55","0","3","1","0","1.8 %","56.4 %",".020",".200",".078",".096",".098",".088","-58","0.0","-10.6","6.6","-0.2","7448"
"Luis Guillorme","Mets","35","74","0","4","5","1","9.5 %","4.1 %",".030",".219",".209",".284",".239",".242","53","0.7","-3.6","-1.0","-0.2","16451"
"Cam Gallagher","Royals","22","69","1","5","7","0","4.3 %","21.7 %",".095",".250",".206",".250",".302",".242","47","-1.3","-5.7","1.1","-0.2","12981"
"Austin Dean","Marlins","34","122","4","16","14","1","5.7 %","18.0 %",".142",".241",".221",".279",".363",".281","79","1.0","-2.2","-4.1","-0.2","18288"
"Bryan Holaday","Marlins","61","166","1","7","16","0","6.0 %","17.5 %",".053",".244",".205",".261",".258",".228","43","-2.2","-13.7","6.1","-0.2","11287"
"Nicky Delmonico","White Sox","88","318","8","31","25","1","8.5 %","25.2 %",".158",".269",".215",".296",".373",".292","84","-1.7","-7.8","-5.2","-0.3","13157"
"Kyle Hendricks","Cubs","33","66","0","1","1","0","3.0 %","47.0 %",".017",".138",".067",".097",".083",".085","-57","0.0","-12.7","8.0","-0.3","12049"
"Drew Butera","- - -","62","182","3","13","21","0","8.2 %","21.4 %",".110",".228",".190",".264",".301",".252","52","0.1","-10.3","1.7","-0.3","3411"
"Adrian Gonzalez","Mets","54","187","6","15","26","0","8.0 %","18.2 %",".136",".260",".237",".299",".373",".288","84","-1.7","-5.5","-3.2","-0.3","1908"
"Kyle Freeland","Rockies","33","71","0","5","2","0","2.8 %","56.3 %",".031",".240",".092",".119",".123",".110","-56","0.0","-13.5","8.6","-0.3","16256"
"Jameson Taillon","Pirates","32","63","0","0","3","0","1.6 %","34.9 %",".018",".114",".070",".086",".088",".079","-60","0.0","-12.3","7.6","-0.3","11674"
"Alcides Escobar","Royals","140","531","4","54","34","8","5.5 %","13.9 %",".082",".263",".231",".279",".313",".261","60","2.5","-23.1","2.9","-0.3","6310"
"Cedric Mullins II","Orioles","45","191","4","23","11","2","8.9 %","19.4 %",".124",".279",".235",".312",".359",".298","86","0.1","-3.2","-5.9","-0.3","17929"
"Derek Holland","Giants","37","56","0","2","0","0","1.8 %","58.9 %",".019",".150",".057",".074",".075",".068","-66","0.0","-11.3","6.8","-0.3","4141"
"Jose Lobaton","Mets","22","57","0","3","4","0","12.3 %","26.3 %",".082",".200",".143",".246",".224",".218","37","-0.4","-4.8","0.1","-0.3","4243"
"Jefry Marte","Angels","90","209","7","28","22","1","6.2 %","19.6 %",".155",".240",".216",".273",".371",".281","78","-0.3","-5.9","-3.9","-0.3","5107"
"Jose Urena","Marlins","32","52","0","1","1","0","1.9 %","67.3 %",".021",".154",".042",".061",".063",".057","-71","0.0","-10.9","6.3","-0.3","11589"
"Chris Shaw","Giants","22","62","1","2","7","1","11.3 %","37.1 %",".093",".290",".185",".274",".278",".250","56","0.2","-3.2","-1.8","-0.3","17738"
"Blake Swihart","Red Sox","82","207","3","28","18","6","7.2 %","27.5 %",".099",".311",".229",".285",".328",".271","64","1.0","-8.0","-1.9","-0.3","13176"
"Jose Quintana","Cubs","32","58","0","0","0","0","0.0 %","44.8 %",".000",".154",".077",".077",".077",".068","-69","0.0","-12.0","7.0","-0.3","11423"
"Kaleb Cowart","Angels","47","124","1","7","10","1","8.1 %","35.5 %",".107",".206",".134",".210",".241",".203","25","0.1","-11.1","3.8","-0.3","11494"
"Jace Peterson","- - -","96","246","3","21","28","13","12.6 %","23.6 %",".124",".260",".200",".310",".324",".286","78","-1.1","-7.6","-3.7","-0.3","12325"
"Sean Newcomb","Braves","31","53","0","3","1","0","1.9 %","60.4 %",".022",".154",".044",".065",".067",".061","-75","0.0","-11.3","6.4","-0.3","16943"
"Deven Marrero","Diamondbacks","49","85","0","11","7","3","7.1 %","27.1 %",".038",".232",".167",".224",".205",".196","15","-0.6","-9.5","3.5","-0.3","13325"
"Eric Young Jr.","Angels","41","117","1","12","8","5","5.1 %","23.9 %",".101",".259",".202",".248",".303",".241","51","0.9","-5.9","-1.3","-0.3","7158"
"Alex Wood","Dodgers","33","50","0","1","0","1","0.0 %","50.0 %",".000",".105",".045",".045",".045",".040","-83","0.2","-11.0","6.0","-0.4","13781"
"Danny Valencia","Orioles","79","282","9","28","28","1","7.8 %","18.8 %",".145",".293",".263",".316",".408",".310","94","-4.0","-6.0","-6.7","-0.4","6364"
"Byron Buxton","Twins","28","94","0","8","4","5","3.2 %","29.8 %",".044",".226",".156",".183",".200",".170","-3","2.5","-9.1","2.5","-0.4","14161"
"Rob Refsnyder","Rays","40","103","2","10","5","0","17.5 %","25.2 %",".107",".214",".167",".314",".274",".276","74","-1.8","-5.0","-1.8","-0.4","13770"
"Jesmuel Valentin","Phillies","46","89","1","8","6","0","9.0 %","27.0 %",".127",".236",".177",".258",".304",".250","53","0.5","-4.6","-1.6","-0.4","14548"
"Eduardo Nunez","Red Sox","127","502","10","56","44","7","3.2 %","13.7 %",".123",".290",".265",".289",".388",".292","78","-6.2","-19.7","-0.3","-0.4","6848"
"Matt Szczur","Padres","57","84","1","11","6","3","9.5 %","28.6 %",".080",".260",".187",".265",".267",".242","50","0.2","-5.0","-1.4","-0.4","11255"
"Dawel Lugo","Tigers","27","101","1","10","8","0","6.9 %","19.8 %",".096",".260",".213",".267",".309",".255","57","-0.3","-5.5","-1.5","-0.4","14713"
"Steven Souza Jr.","Diamondbacks","72","272","5","21","29","6","10.3 %","27.6 %",".149",".298",".220",".309",".369",".299","84","0.7","-4.6","-7.8","-0.4","5667"
"Anthony Santander","Orioles","33","108","1","8","6","1","5.6 %","19.4 %",".099",".241",".198",".250",".297",".242","48","1.0","-5.8","-1.5","-0.4","14551"
"Tyler Wade","Yankees","36","70","1","8","5","1","5.7 %","32.9 %",".106",".238",".167",".214",".273",".215","29","0.8","-5.2","-0.9","-0.4","15730"
"Ryan Flaherty","Braves","81","182","2","17","13","4","9.9 %","22.5 %",".075",".277",".217",".298",".292",".258","57","-0.3","-10.0","0.4","-0.4","7888"
"Carlos Perez","- - -","28","75","1","1","3","1","2.7 %","28.0 %",".071",".188",".143",".178",".214",".175","-3","-0.7","-10.0","3.6","-0.4","10642"
"Aaron Altherr","Phillies","105","285","8","28","38","3","12.6 %","31.9 %",".152",".247",".181",".295",".333",".282","75","-1.2","-10.0","-3.1","-0.4","11270"
"Cheslor Cuthbert","Royals","30","117","3","11","7","0","9.4 %","19.7 %",".107",".218",".194",".282",".301",".263","61","-1.2","-6.6","-1.4","-0.4","10473"
"Aaron Nola","Phillies","33","70","0","0","4","0","1.4 %","51.4 %",".016",".115",".048",".063",".065",".059","-75","0.0","-14.9","8.4","-0.4","16149"
"Orlando Arcia","Brewers","119","366","3","32","30","7","4.1 %","23.8 %",".072",".305",".236",".268",".307",".253","54","0.5","-20.2","4.4","-0.4","13185"
"Chase Headley","Padres","27","60","0","2","4","0","10.0 %","33.3 %",".019",".188",".115",".233",".135",".187","13","-0.5","-6.9","0.7","-0.4","4720"
"Jim Adduci","Tigers","59","185","3","19","21","1","3.2 %","24.3 %",".119",".341",".267",".290",".386",".291","81","1.1","-3.0","-7.5","-0.5","6448"
"Chris Young","Angels","56","128","6","17","13","2","8.6 %","28.9 %",".195",".183",".168",".252",".363",".268","69","1.3","-3.4","-5.3","-0.5","3882"
"Martin Prado","Marlins","54","209","1","16","18","1","5.3 %","16.7 %",".061",".292",".244",".287",".305",".263","66","-1.7","-10.3","-0.7","-0.5","3312"
"Dominic Smith","Mets","56","149","5","14","11","0","2.7 %","31.5 %",".196",".297",".224",".255",".420",".288","84","0.2","-2.8","-6.4","-0.5","15653"
"Carlos Tocci","Rangers","66","135","0","11","5","0","5.2 %","28.9 %",".058",".329",".225",".271",".283",".246","44","0.0","-9.1","0.1","-0.5","14558"
"Jeff Mathis","Diamondbacks","69","218","1","15","20","0","9.2 %","30.3 %",".072",".292",".200",".272",".272",".243","47","-2.7","-17.0","5.5","-0.5","3448"
"Mike Foltynewicz","Braves","31","66","0","3","4","0","0.0 %","62.1 %",".017",".176",".052",".052",".069",".052","-81","0.0","-14.6","8.0","-0.5","10811"
"Yadiel Rivera","Marlins","111","160","1","13","9","2","11.9 %","31.9 %",".043",".258",".173",".269",".216",".219","37","-0.5","-12.8","3.2","-0.5","11863"
"Tim Beckham","Orioles","96","402","12","45","35","1","6.7 %","24.9 %",".144",".282",".230",".287",".374",".288","79","-1.9","-11.9","-6.0","-0.5","7949"
"Kelby Tomlinson","Giants","63","152","0","9","10","0","5.9 %","23.0 %",".057",".276",".207",".265",".264",".239","48","-0.7","-10.4","0.7","-0.5","13005"
"Carlos Gomez","Rays","118","408","9","42","32","12","6.1 %","25.2 %",".128",".266",".208",".298",".336",".285","80","-0.6","-10.4","-7.9","-0.5","4881"
"Bobby Wilson","Twins","47","151","2","12","16","0","7.9 %","24.5 %",".104",".224",".178",".242",".281",".232","40","-2.4","-13.3","3.3","-0.5","6564"
"Tomas Nido","Mets","34","90","1","10","9","0","4.4 %","30.0 %",".071",".224",".167",".200",".238",".193","20","0.1","-8.7","0.9","-0.5","13755"
"Brandon Drury","- - -","26","86","1","5","10","0","8.1 %","23.3 %",".091",".214",".169",".256",".260",".236","44","-1.7","-7.6","-0.5","-0.5","11615"
"Ivan Nova","Pirates","29","56","0","1","0","0","0.0 %","53.6 %",".000",".043",".019",".019",".019",".017","-100","0.0","-13.8","6.8","-0.5","1994"
"Devon Travis","Blue Jays","103","378","11","41","44","3","4.2 %","16.9 %",".148",".255",".232",".275",".381",".283","77","-0.1","-10.7","-7.1","-0.5","13862"
"Rafael Ortega","Marlins","41","143","0","10","7","5","7.0 %","16.1 %",".038",".282",".233",".287",".271",".251","59","-2.1","-9.3","-0.8","-0.6","10323"
"J.D. Davis","Astros","42","113","1","9","5","0","8.8 %","25.7 %",".049",".233",".175",".248",".223",".218","36","0.3","-8.4","-1.0","-0.6","16219"
"Charlie Tilson","White Sox","41","121","0","7","11","2","8.3 %","16.5 %",".028",".322",".264",".331",".292",".282","77","-1.8","-5.1","-4.7","-0.6","12983"
"Willie Calhoun","Rangers","35","108","2","8","11","0","5.6 %","22.2 %",".111",".267",".222",".269",".333",".262","55","-0.2","-6.0","-3.6","-0.6","17838"
"Abraham Almonte","Royals","50","151","3","15","9","2","9.9 %","23.8 %",".104",".219",".179",".260",".284",".244","48","-0.7","-10.0","-1.1","-0.6","5486"
"Ryan Rua","Rangers","61","147","6","17","12","3","3.4 %","36.1 %",".165",".259",".194",".221",".360",".248","45","1.0","-8.7","-2.4","-0.6","12409"
"Dustin Fowler","Athletics","69","203","6","19","23","6","3.9 %","23.2 %",".130",".262",".224",".256",".354",".263","65","-1.0","-9.5","-3.5","-0.6","17098"
"Moises Sierra","Nationals","27","60","0","4","4","1","3.3 %","33.3 %",".037",".250",".167",".217",".204",".191","12","-1.4","-7.9","-0.3","-0.7","6050"
"Kyle Tucker","Astros","28","72","0","10","4","1","8.3 %","18.1 %",".063",".176",".141",".236",".203",".207","28","-0.8","-7.0","-1.7","-0.7","18345"
"Francisco Pena","Cardinals","58","142","2","10","8","1","4.2 %","30.3 %",".068",".278",".203",".239",".271",".215","32","-1.0","-12.8","1.8","-0.7","8298"
"Ian Desmond","Rockies","160","619","22","82","88","20","8.6 %","23.6 %",".186",".279",".236",".307",".422",".315","81","0.0","-14.3","-11.9","-0.7","6885"
"J.B. Shuck","Marlins","70","142","0","10","4","2","7.0 %","15.5 %",".038",".231",".192",".255",".231",".219","37","0.2","-10.7","-0.5","-0.7","6677"
"Gregor Blanco","Giants","68","203","2","19","12","6","5.9 %","28.6 %",".101",".300",".217",".262",".317",".254","58","1.3","-9.1","-4.2","-0.7","3123"
"Carlos Asuaje","Padres","79","218","2","15","19","1","11.0 %","21.1 %",".085",".243",".196",".286",".280",".255","59","-0.5","-11.5","-2.3","-0.7","15197"
"Roberto Perez","Indians","62","210","2","16","19","1","10.0 %","33.3 %",".095",".257",".168",".256",".263",".236","40","-0.5","-15.6","1.7","-0.7","2900"
"Logan Morrison","Twins","95","359","15","41","39","1","9.5 %","22.3 %",".182",".196",".186",".276",".368",".283","74","0.2","-10.8","-8.1","-0.7","9205"
"Pedro Severino","Nationals","70","213","2","14","15","1","8.5 %","22.1 %",".079",".211",".168",".254",".247",".221","32","-0.8","-18.5","4.4","-0.8","14523"
"Jesus Sucre","Rays","73","198","1","9","17","1","4.5 %","14.6 %",".044",".240",".209",".247",".253",".219","35","-2.7","-18.1","4.2","-0.8","5942"
"Hunter Dozier","Royals","102","388","11","36","34","2","6.2 %","28.1 %",".166",".296",".229",".278",".395",".291","80","-3.8","-13.2","-7.1","-0.8","15117"
"Chris Owings","Diamondbacks","106","309","4","34","22","11","7.8 %","24.3 %",".096",".265",".206",".272",".302",".250","51","0.2","-18.2","0.8","-0.8","10030"
"Jose Pirela","Padres","146","473","5","54","32","6","6.3 %","18.8 %",".096",".301",".249",".300",".345",".283","78","-4.6","-17.5","-5.0","-0.8","5485"
"Eric Sogard","Brewers","55","113","0","7","2","3","10.6 %","20.4 %",".031",".173",".134",".241",".165",".194","14","1.2","-10.6","-0.6","-0.8","7927"
"Kevin Newman","Pirates","31","97","0","7","6","0","4.1 %","23.7 %",".022",".275",".209",".247",".231",".211","28","-1.2","-9.6","-1.1","-0.8","17696"
"Christian Vazquez","Red Sox","80","269","3","24","16","4","4.8 %","15.2 %",".076",".237",".207",".257",".283",".240","42","-2.1","-20.8","4.1","-0.8","9774"
"Ryon Healy","Mariners","133","524","24","51","73","0","5.2 %","21.6 %",".176",".257",".235",".277",".412",".296","90","-5.3","-11.6","-13.8","-0.8","15447"
"Hunter Pence","Giants","97","248","4","19","24","5","4.4 %","23.8 %",".106",".282",".226",".258",".332",".254","59","2.5","-10.1","-6.0","-0.9","8252"
"Noel Cuevas","Rockies","75","153","2","16","10","1","3.9 %","15.7 %",".082",".267",".233",".268",".315",".254","40","-0.2","-11.4","-1.9","-0.9","11894"
"Luis Valbuena","Angels","96","288","9","23","33","3","6.6 %","34.7 %",".135",".277",".199",".253",".335",".253","59","-0.6","-14.9","-3.2","-0.9","4969"
"Jose Reyes","Mets","110","251","4","30","16","5","8.8 %","15.5 %",".132",".211",".189",".260",".320",".255","62","-0.5","-12.3","-4.2","-0.9","1736"
"Ronny Rodriguez","Tigers","62","206","5","17","20","2","4.9 %","20.4 %",".115",".260",".225",".261",".340",".261","61","-0.8","-10.4","-5.2","-0.9","11875"
"Sandy Leon","Red Sox","89","288","5","30","22","1","5.2 %","26.0 %",".102",".226",".177",".232",".279",".227","33","-1.5","-24.5","5.9","-0.9","5273"
"Lewis Brinson","Marlins","109","406","11","31","42","2","4.2 %","29.6 %",".139",".257",".199",".240",".338",".248","56","1.1","-20.6","-1.5","-1.0","14352"
"Paulo Orlando","Royals","25","93","0","6","5","0","3.2 %","26.9 %",".033",".231",".167",".194",".200",".176","2","-0.3","-11.3","-1.1","-1.0","8628"
"Austin Jackson","- - -","116","375","3","29","32","3","6.9 %","35.5 %",".081",".387",".245",".299",".326",".275","74","-0.4","-12.5","-8.9","-1.0","9848"
"Victor Reyes","Tigers","100","219","1","35","12","9","2.3 %","21.0 %",".066",".277",".222",".239",".288",".229","39","0.8","-15.2","-1.7","-1.0","15487"
"Dexter Fowler","Cardinals","90","334","8","40","31","5","11.4 %","22.5 %",".118",".210",".180",".278",".298",".260","62","2.3","-13.4","-8.6","-1.2","4062"
"Pat Valaika","Rockies","68","133","2","8","5","0","6.8 %","22.6 %",".090",".189",".156",".214",".246",".207","9","-0.8","-15.6","-0.7","-1.2","14885"
"Yangervis Solarte","Blue Jays","122","506","17","50","54","1","6.1 %","14.2 %",".152",".233",".226",".277",".378",".284","77","-7.7","-21.7","-7.5","-1.3","5352"
"Trayce Thompson","- - -","51","137","3","15","9","3","5.1 %","36.5 %",".094",".158",".117",".162",".211",".162","-5","0.9","-16.3","-1.0","-1.3","9952"
"Magneuris Sierra","Marlins","54","156","0","10","7","3","3.8 %","25.0 %",".020",".259",".190",".222",".211",".192","19","1.2","-14.3","-5.5","-1.5","17023"
"Victor Martinez","Tigers","133","508","9","32","54","0","6.3 %","9.6 %",".103",".260",".251",".297",".353",".281","75","-4.1","-19.5","-13.3","-1.7","393"
"Chris Davis","Orioles","128","522","16","40","49","2","7.9 %","36.8 %",".128",".237",".168",".243",".296",".239","46","-1.8","-35.8","-11.7","-3.1","9272"
