"Name","Team","G","PA","AB","H","2B","3B","HR","R","RBI","BB","SO","HBP","SB","CS","AVG","OBP","SLG","OPS","wOBA","Fld","BsR","WAR","ADP","playerid"
"Mike Trout","Angels","153","679","547","169","33","5","38","116","133","117","125","10","25","6",".309",".436",".596","1.032",".426","-1.0","1.9","8.8","1.1","10155"
"Bryce Harper","Nationals","147","644","534","166","35","2","38","105","127","101","126","3","8","3",".311",".419",".597","1.017",".418","3.0","-0.1","6.5","8.8","11579"
"Joey Votto","Reds","155","684","547","171","34","2","30","102","122","126","92","6","5","1",".313",".443",".547",".990",".415","2.0","0.0","6.1","19.2","4314"
"Freddie Freeman","Braves","149","653","556","170","42","3","34","102","120","85","129","9","5","1",".306",".404",".576",".980",".406","2.0","0.1","5.4","21.1","5361"
"Kris Bryant","Cubs","155","688","574","168","38","4","35","114","122","95","136","14","6","2",".293",".403",".556",".958",".402","4.0","-0.1","7.1","15.5","15429"
"Josh Donaldson","Indians","149","664","554","159","33","2","38","121","121","98","132","7","5","1",".287",".398",".560",".957",".401","3.0","0.1","7.1","32.3","5038"
"Aaron Judge","Yankees","151","667","546","147","26","3","44","117","129","109","194","7","5","1",".269",".394",".570",".964",".401","3.0","0.1","6.2","19.9","15640"
"Paul Goldschmidt","Diamondbacks","155","681","569","173","35","3","32","99","118","100","144","6","19","3",".304",".410",".545",".955",".396","3.0","2.0","4.9","7.6","9218"
"Charlie Blackmon","Rockies","155","701","622","196","36","10","32","126","112","63","120","12","14","4",".315",".387",".559",".946",".395","-4.0","0.6","4.7","8.4","7859"
"Giancarlo Stanton","Yankees","146","635","547","149","30","1","48","113","131","79","158","6","4","2",".272",".369",".594",".963",".395","1.0","-0.4","5.0","8.1","4949"
"J.D. Martinez","Red Sox","138","596","527","156","32","2","36","98","115","62","148","3","4","1",".296",".371",".569",".940",".390","-5.0","0.0","3.5","22.8","6184"
"Anthony Rizzo","Cubs","155","681","569","162","33","3","33","100","117","84","97","23","5","2",".285",".395",".527",".922",".388","4.0","-0.3","4.7","25.7","3473"
"Rhys Hoskins","Phillies","150","652","543","147","30","4","36","100","118","92","131","10","5","2",".271",".382",".540",".922",".387","-3.0","-0.3","4.2","48.8","16472"
"Carlos Correa","Astros","149","644","565","170","35","3","32","95","115","71","118","3","9","1",".301",".379",".543",".922",".386","-1.0","0.9","6.6","14.8","14162"
"Nolan Arenado","Rockies","156","683","607","182","41","6","38","104","121","65","105","3","5","3",".300",".366",".575",".941",".386","9.0","-0.7","5.2","4.5","9777"
"Jose Altuve","Astros","156","693","617","203","42","4","23","101","104","62","78","8","31","7",".329",".394",".522",".916",".385","-1.0","2.7","6.7","2.2","5417"
"Michael Conforto","Mets","121","538","459","130","24","2","26","101","86","69","130","7","4","2",".283",".383",".514",".897",".378","2.0","-0.4","4.3","192.0","16376"
"Justin Turner","Dodgers","139","609","523","156","32","1","22","89","91","63","77","16","5","1",".298",".386",".489",".875",".373","2.0","0.1","5.0","110.2","5235"
"Mookie Betts","Red Sox","154","694","615","184","43","5","27","120","100","71","80","2","26","4",".299",".370",".517",".887",".373","16.0","3.1","6.2","7.8","13611"
"Brandon Belt","Giants","145","618","521","142","37","6","22","85","99","90","137","4","4","2",".273",".382",".493",".875",".373","7.0","-0.5","4.1","297.3","10264"
"George Springer","Astros","144","657","570","158","30","3","32","128","96","73","125","11","8","3",".277",".368",".509",".877",".372","1.0","-0.1","5.5","31.4","12856"
"Anthony Rendon","Nationals","147","630","536","154","39","1","23","85","101","80","94","7","5","2",".287",".383",".493",".875",".372","10.0","-0.3","5.5","55.7","12861"
"Gary Sanchez","Yankees","134","572","507","142","27","0","34","93","105","52","124","8","3","1",".280",".353",".535",".888",".372","4.0","-0.2","5.7","19.1","11442"
"Corey Seager","Dodgers","147","655","576","172","36","3","25","106","96","70","133","5","5","2",".299",".377",".502",".879",".372","6.0","-0.3","6.1","43.5","13624"
"Nelson Cruz","Mariners","151","648","569","162","25","1","36","97","115","65","144","9","2","1",".285",".364",".522",".886",".371","-2.0","-0.4","3.4","59.5","2434"
"Tommy Pham","Rays","142","633","543","155","27","4","23","106","91","81","137","6","26","6",".285",".382",".477",".859",".369","6.0","2.2","5.3","57.7","2967"
"Matt Carpenter","Cardinals","138","618","507","134","33","3","22","110","87","100","120","7","4","2",".264",".390",".471",".861",".369","-3.0","-0.5","3.3","187.0","8090"
"Jose Ramirez","Indians","155","684","617","187","46","5","24","95","98","59","68","3","16","4",".303",".364",".511",".875",".369","4.0","1.1","5.5","20.4","13510"
"Kyle Schwarber","Cubs","134","574","490","125","25","2","32","89","102","76","156","6","2","1",".255",".361",".510",".871",".368","-1.0","-0.4","3.0","162.5","16478"
"Joey Gallo","Rangers","149","625","524","120","23","5","41","108","118","95","203","5","6","1",".229",".352",".527",".879",".368","-3.0","0.4","3.1","102.8","14128"
"Jose Abreu","White Sox","154","673","611","182","36","3","32","99","106","42","124","15","3","1",".298",".355",".524",".879",".367","0.0","-0.2","3.7","41.0","15676"
"Yoenis Cespedes","Mets","137","602","540","155","32","3","31","96","96","52","115","5","3","1",".287",".352",".530",".882",".366","-1.0","-0.2","3.4","95.0","13110"
"Miguel Sano","Twins","122","529","461","121","25","2","30","83","92","62","170","3","1","0",".262",".352",".521",".872",".366","-3.0","-0.1","3.4","112.1","12164"
"Cody Bellinger","Dodgers","149","643","559","148","31","4","36","99","111","74","161","4","11","2",".265",".351",".528",".879",".366","4.0","1.0","3.8","26.8","15998"
"Edwin Encarnacion","Indians","150","648","546","141","28","0","35","96","111","89","131","6","1","0",".258",".364",".502",".866",".366","-1.0","-0.2","2.9","57.6","2151"
"Andrew Benintendi","Red Sox","153","679","591","172","31","7","24","100","95","74","113","6","22","6",".291",".371",".489",".860",".363","3.0","1.4","4.1","40.8","17901"
"Willson Contreras","Cubs","132","559","487","136","26","2","23","80","90","61","118","8","4","2",".279",".367",".483",".849",".363","5.0","-0.4","4.8","50.6","11609"
"Christian Yelich","Brewers","155","691","607","179","38","3","21","106","92","76","131","4","19","4",".295",".375",".471",".846",".362","2.0","1.6","4.0","44.7","11477"
"Chris Iannetta","Rockies","110","431","369","96","24","0","20","72","73","55","112","4","0","0",".260",".360",".488",".847",".361","-1.0","-0.3","2.5","261.9","8267"
"Miguel Cabrera","Tigers","132","577","508","150","27","1","22","82","84","63","104","3","0","0",".295",".374",".482",".857",".361","1.0","-0.4","2.7","95.7","1744"
"Daniel Murphy","Cubs","132","570","516","161","34","3","19","74","84","43","69","5","3","1",".312",".367",".500",".867",".361","-5.0","-0.2","3.3","91.5","4316"
"Alex Bregman","Astros","156","687","612","177","40","7","23","92","95","62","107","8","16","4",".289",".360",".490",".850",".360","-1.0","1.1","5.0","32.4","17678"
"Mitch Haniger","Mariners","142","591","520","145","35","5","23","83","91","53","125","11","8","3",".279",".354",".498",".852",".360","5.0","0.0","4.0","219.1","14274"
"Justin Upton","Angels","154","665","581","152","37","2","33","96","108","77","181","4","14","4",".262",".350",".503",".853",".360","0.0","0.7","4.0","49.3","5222"
"Marcell Ozuna","Cardinals","152","660","594","168","31","3","31","94","105","60","135","3","4","3",".283",".350",".502",".852",".360","3.0","-0.9","3.6","47.2","10324"
"Greg Bird","Yankees","131","550","474","124","26","1","27","83","92","65","130","6","0","0",".262",".355",".492",".846",".359","-2.0","-0.4","2.3","174.4","14131"
"Manny Machado","Dodgers","155","684","624","179","37","1","35","107","105","51","110","3","6","2",".287",".341",".518",".858",".359","8.0","0.0","5.6","17.3","11493"
"Adrian Beltre","Rangers","130","565","502","149","27","2","21","77","82","53","77","4","1","0",".297",".365",".484",".849",".359","7.0","-0.2","4.2","157.2","639"
"Ryan McMahon","Rockies","131","544","490","140","32","4","22","77","84","44","116","5","6","3",".286",".347",".502",".849",".358","2.0","-0.4","1.3","299.4","15112"
"Buster Posey","Giants","135","590","512","158","32","1","13","71","75","66","69","5","4","0",".309",".388",".451",".839",".357","2.0","0.4","4.9","59.8","9166"
"Khris Davis","Athletics","151","651","570","143","24","2","41","101","115","69","182","6","5","2",".251",".335",".516",".851",".357","-5.0","-0.2","2.4","67.8","9112"
"Domingo Santana","Brewers","149","644","558","149","28","1","28","88","100","76","187","7","13","5",".267",".360",".471",".832",".356","-6.0","0.0","2.1","101.1","10348"
"Carlos Santana","Phillies","150","651","552","142","31","3","27","89","99","91","99","4","5","1",".257",".364",".471",".835",".356","2.0","0.1","2.7","173.1","2396"
"Eugenio Suarez","Reds","152","654","559","147","29","3","26","87","99","83","144","8","6","2",".263",".364",".465",".829",".356","5.0","-0.1","4.3","186.5","12552"
"Josh Bell","Pirates","156","676","587","161","29","7","27","91","100","79","112","3","4","2",".274",".359",".486",".845",".356","-2.0","-0.5","2.4","188.2","13145"
"Jose Martinez","Cardinals","113","467","411","120","20","1","16","62","67","50","85","2","4","1",".292",".368",".462",".831",".356","-3.0","0.0","1.8","251.3","7996"
"Brian Dozier","Dodgers","153","698","614","163","32","4","34","130","96","71","148","8","15","3",".265",".347",".497",".843",".355","0.0","1.3","4.5","37.2","9810"
"Francisco Lindor","Indians","155","695","622","180","37","5","26","115","93","61","85","3","16","4",".289",".351",".490",".841",".355","10.0","1.1","5.9","20.7","12916"
"Adam Eaton","Nationals","146","655","570","165","29","9","13","99","77","69","101","13","17","5",".289",".377",".440",".817",".354","5.0","0.8","3.5","154.0","11205"
"Matt Olson","Athletics","148","634","552","139","27","1","36","95","107","73","166","4","4","0",".252",".341",".500",".841",".354","2.0","0.4","3.1","121.8","14344"
"Jesse Winker","Reds","120","537","463","135","25","1","14","79","67","64","90","5","4","2",".292",".380",".441",".820",".354","-4.0","-0.5","1.8","318.8","13590"
"Rafael Devers","Red Sox","135","559","510","146","30","4","23","78","85","43","121","3","5","2",".286",".343",".496",".840",".354","-3.0","-0.2","3.0","115.5","17350"
"Austin Barnes","Dodgers","109","434","368","104","15","2","10","55","60","59","73","5","5","1",".283",".387",".416",".803",".353","1.0","0.2","3.5","209.7","12158"
"Aaron Altherr","Phillies","124","524","466","126","29","5","20","71","79","46","126","10","11","3",".270",".347",".483",".830",".352","-1.0","0.6","2.1","286.5","11270"
"Ryan Braun","Brewers","121","527","471","132","28","3","21","71","76","48","95","4","11","2",".280",".349",".486",".835",".352","-3.0","1.0","1.8","121.2","3410"
"Eric Thames","Brewers","136","582","504","125","28","4","27","80","92","71","159","7","5","2",".248",".349",".480",".829",".352","-2.0","-0.2","1.6","221.9","3711"
"Dexter Fowler","Cardinals","135","598","510","136","24","7","18","87","76","77","127","7","11","3",".267",".368",".447",".815",".351","0.0","0.5","2.8","243.4","4062"
"Justin Smoak","Blue Jays","150","649","572","152","25","1","30","91","99","73","143","3","1","0",".266",".351",".470",".822",".351","2.0","-0.2","2.7","158.2","9054"
"Xander Bogaerts","Red Sox","148","628","563","167","34","3","16","75","86","57","112","5","16","2",".297",".365",".453",".818",".351","-1.0","1.9","4.1","79.2","12161"
"DJ LeMahieu","Rockies","151","684","613","195","27","6","9","103","71","62","87","4","11","3",".318",".382",".426",".807",".350","4.0","0.4","2.8","137.1","9874"
"Dan Vogelbach","Mariners","88","351","305","83","18","1","12","46","51","43","69","1","0","0",".272",".362",".456",".818",".350","-5.0","-0.2","1.0","529.8","14130"
"Eric Hosmer","Padres","155","676","611","178","31","2","24","88","93","61","113","1","5","1",".291",".355",".466",".821",".349","-1.0","0.1","2.5","82.6","3516"
"Shin-Soo Choo","Rangers","135","605","518","140","23","1","20","97","77","71","131","12","12","4",".270",".369",".434",".803",".349","-7.0","0.3","1.8","258.9","3174"
"Avisail Garcia","White Sox","147","636","582","171","26","4","23","81","90","43","123","8","5","2",".294",".349",".471",".820",".349","2.0","-0.3","3.1","197.7","5760"
"Trey Mancini","Orioles","149","623","572","162","30","5","26","86","94","42","140","5","1","0",".283",".335",".490",".825",".349","-1.0","-0.2","2.5","151.9","15149"
"Eloy Jimenez","","33","139","127","34","8","1","7","20","22","10","34","1","1","0",".268",".324",".512",".836",".348","0.0","0.1","0.6","402.2","sa830373"
"Justin Bour","Phillies","131","562","494","134","24","0","26","75","86","63","118","1","0","0",".271",".352",".478",".830",".347","2.0","-0.3","2.1","201.4","9744"
"Yasiel Puig","Dodgers","140","586","517","140","24","3","24","80","87","60","107","5","11","4",".271",".350",".468",".818",".347","6.0","0.1","3.1","109.5","14225"
"Trea Turner","Nationals","146","668","615","183","32","11","17","109","73","47","116","2","60","9",".298",".347",".468",".816",".347","3.0","7.8","4.8","4.5","16252"
"Carlos Gonzalez","Rockies","127","522","464","125","34","1","21","70","74","53","113","1","4","1",".269",".343",".483",".826",".347","-1.0","0.1","0.8","278.5","7287"
"Jake Lamb","Diamondbacks","146","628","544","136","28","7","29","84","96","75","147","4","5","2",".250",".342",".487",".829",".347","-5.0","-0.2","2.3","138.4","13329"
"Hanley Ramirez","","124","530","473","128","24","1","24","72","81","48","104","6","4","1",".271",".343",".478",".821",".347","-1.0","0.1","1.3","312.3","8001"
"Brandon Nimmo","Mets","104","451","374","98","18","4","9","50","56","70","112","5","5","2",".262",".384",".404",".787",".347","1.0","-0.2","2.4","476.8","12927"
"Robinson Cano","Mariners","154","678","618","179","35","1","26","92","92","51","91","5","2","1",".290",".347",".476",".822",".346","1.0","-0.4","4.3","88.7","3269"
"Andrew McCutchen","Yankees","154","686","598","165","30","3","23","103","88","76","127","7","10","4",".276",".362",".452",".813",".346","-2.0","-0.2","2.9","93.0","9847"
"Stephen Piscotty","Athletics","141","591","511","136","27","3","19","75","83","70","122","7","5","2",".266",".360",".442",".803",".346","3.0","-0.3","3.0","286.4","13367"
"Marwin Gonzalez","Astros","134","545","493","140","29","2","18","69","75","46","103","5","7","3",".284",".350",".460",".811",".346","-1.0","-0.2","2.7","122.7","5497"
"Alex Avila","Diamondbacks","111","444","367","90","13","1","16","58","64","74","133","1","0","0",".245",".372",".417",".789",".346","0.0","-0.3","2.6","326.6","7476"
"Chris Taylor","Dodgers","146","663","598","169","27","7","20","111","75","60","148","4","18","5",".283",".351",".452",".803",".345","3.0","1.0","3.9","94.4","13757"
"Nicholas Castellanos","Tigers","150","647","592","162","38","8","26","83","94","46","140","3","5","3",".274",".326",".497",".823",".345","-8.0","-0.6","1.9","94.8","11737"
"Cesar Hernandez","Phillies","149","678","595","174","24","8","11","103","68","77","119","4","19","6",".292",".376",".415",".791",".345","5.0","0.7","3.9","259.5","10556"
"Wil Myers","Padres","154","673","590","151","32","4","29","92","95","73","163","5","19","4",".256",".340",".471",".811",".345","-2.0","1.7","2.5","64.1","10047"
"A.J. Pollock","Diamondbacks","130","591","534","152","35","5","16","96","64","49","89","4","26","5",".285",".347",".459",".806",".344","5.0","2.7","3.2","68.2","9256"
"Kyle Seager","Mariners","156","656","585","157","35","1","28","89","99","60","102","7","5","2",".268",".341",".475",".817",".344","5.0","-0.2","4.5","141.2","9785"
"Joe Mauer","Twins","131","579","503","149","30","2","8","66","63","71","82","2","4","1",".296",".383",".412",".795",".344","3.0","-0.1","2.1","393.2","1857"
"Nomar Mazara","Rangers","153","667","594","161","33","3","27","89","93","60","129","6","4","2",".271",".340",".473",".813",".344","1.0","-0.5","2.5","152.9","14553"
"David Dahl","Rockies","65","258","240","69","14","3","8","34","36","18","58","0","9","2",".288",".337",".471",".808",".344","1.0","0.8","1.2","257.6","13744"
"Aaron Hicks","Yankees","130","535","460","121","20","3","19","68","73","68","97","2","14","4",".263",".357",".443",".800",".344","8.0","0.7","3.8","224.3","5297"
"Derek Fisher","Astros","102","401","355","93","20","4","15","57","59","41","106","3","15","4",".262",".342",".468",".809",".344","1.0","1.1","2.0","383.8","16192"
"Yoan Moncada","White Sox","142","639","549","142","27","5","21","101","79","77","185","9","20","4",".259",".357",".441",".798",".343","2.0","1.9","4.0","132.2","17232"
"Travis Shaw","Brewers","147","634","565","150","32","2","27","82","93","60","144","5","6","1",".265",".339",".473",".812",".343","1.0","0.4","3.0","88.4","11982"
"Ian Happ","Cubs","135","575","509","133","26","4","26","77","86","56","158","3","10","2",".261",".334",".481",".815",".343","1.0","0.8","2.7","119.5","17919"
"Odubel Herrera","Phillies","151","657","599","172","37","5","18","77","84","49","140","7","15","4",".287",".347",".456",".803",".342","6.0","0.9","3.8","213.2","11476"
"Gregory Polanco","Pirates","136","585","527","145","34","4","20","70","81","54","94","1","19","5",".275",".342",".469",".811",".342","6.0","1.3","2.8","144.9","12907"
"Yonder Alonso","Indians","152","659","573","150","25","0","26","84","92","80","138","3","5","2",".262",".354",".442",".795",".341","-1.0","-0.3","1.8","265.3","2530"
"Matt Chapman","Athletics","151","623","545","132","33","5","29","85","91","68","172","5","5","2",".242",".329",".481",".810",".341","12.0","-0.2","4.7","281.9","16505"
"Lorenzo Cain","Brewers","143","640","577","170","28","4","15","93","73","52","102","7","23","4",".295",".358",".435",".793",".341","5.0","2.5","3.5","81.9","9077"
"Mike Moustakas","Brewers","138","580","527","142","26","0","29","82","90","41","89","7","1","1",".269",".328",".484",".811",".341","2.0","-0.6","3.1","135.3","4892"
"J.P. Crawford","Phillies","139","560","474","123","24","5","12","63","70","83","105","1","11","4",".259",".370",".407",".777",".341","5.0","0.1","3.5","376.8","15491"
"Eddie Rosario","Twins","148","631","586","167","30","7","25","80","91","38","123","1","10","4",".285",".326",".488",".815",".341","1.0","0.0","2.4","125.0","12155"
"Mike Zunino","Mariners","130","522","457","109","26","0","27","75","82","51","169","11","0","0",".239",".328",".473",".800",".341","2.0","-0.3","4.0","156.5","13265"
"Teoscar Hernandez","Blue Jays","94","374","341","90","20","2","17","52","56","27","105","4","6","2",".264",".324",".484",".807",".341","-1.0","0.1","1.3","375.5","13066"
"Joc Pederson","Dodgers","122","489","417","101","23","0","20","65","71","62","115","8","5","2",".242",".350",".441",".791",".340","0.0","-0.2","1.8","394.6","11899"
"Jackie Bradley Jr.","Red Sox","147","590","522","136","27","5","22","76","83","56","129","9","8","2",".261",".341",".458",".799",".340","7.0","0.4","3.6","288.4","12984"
"Dustin Pedroia","Red Sox","120","522","466","140","23","1","9","54","61","52","52","1","4","2",".300",".370",".412",".782",".340","9.0","-0.4","3.4","407.1","8370"
"Zack Cozart","Angels","134","549","489","131","27","4","20","69","74","52","82","3","4","1",".268",".339",".462",".801",".340","5.0","0.0","3.7","222.2","2616"
"Ronald Acuna Jr.","Braves","120","503","458","128","22","6","16","62","69","35","120","7","22","6",".279",".338",".459",".796",".340","3.0","1.5","2.4","999.0","18401"
"Starling Marte","Pirates","142","637","582","171","31","4","16","94","73","34","113","18","40","8",".294",".350",".443",".793",".340","8.0","4.2","4.0","47.7","9241"
"Jason Kipnis","Indians","134","581","518","144","32","3","17","68","74","51","107","6","12","3",".278",".346",".450",".796",".340","0.0","0.8","2.9","229.3","9776"
"Ryan Zimmerman","Nationals","129","540","488","133","23","1","25","74","81","41","115","3","1","0",".273",".328",".477",".805",".339","-3.0","-0.1","0.9","148.8","4220"
"Steve Pearce","Red Sox","100","406","359","96","16","1","15","51","55","38","76","7","1","1",".267",".347",".443",".790",".339","-5.0","-0.5","0.9","605.0","9957"
"Curtis Granderson","Brewers","107","446","379","89","18","2","20","60","66","59","103","5","4","1",".235",".343",".451",".794",".339","0.0","0.1","1.6","436.8","4747"
"Jean Segura","Mariners","141","638","590","178","32","5","13","95","68","38","94","8","25","6",".302",".351",".439",".790",".339","-2.0","2.0","4.0","74.4","5933"
"Josh Reddick","Astros","135","554","500","144","28","3","15","64","69","49","69","0","6","1",".288",".348",".446",".794",".339","1.0","0.4","2.4","277.6","3892"
"Trevor Story","Rockies","142","593","528","133","26","5","27","81","88","57","174","5","12","2",".252",".329",".473",".802",".338","2.0","1.2","2.2","113.0","12564"
"Robbie Grossman","Twins","92","362","307","80","16","1","8","45","47","53","65","1","3","1",".261",".370",".397",".768",".338","-3.0","-0.1","0.5","661.0","5254"
"Mike Ford","","60","237","203","52","10","1","8","32","33","31","36","1","0","0",".256",".354",".434",".788",".338","0.0","-0.2","0.6","674.1","sa708447"
"Kevin Kiermaier","Rays","148","646","582","159","24","7","21","79","82","56","124","6","29","7",".273",".342",".447",".789",".338","15.0","2.4","5.2","156.4","11038"
"Anthony Alford","Blue Jays","74","324","281","75","16","3","7","37","37","37","62","4","17","3",".267",".358",".420",".778",".338","3.0","1.9","1.9","576.3","14329"
"Ian Desmond","Rockies","144","607","557","160","28","3","19","73","82","42","143","4","21","5",".287",".339",".451",".790",".337","-2.0","1.7","0.7","117.9","6885"
"Clint Frazier","Yankees","69","269","240","63","12","2","11","40","40","23","73","3","4","1",".263",".331",".467",".798",".337","-1.0","0.2","0.9","527.4","15983"
"Brendan Rodgers","","88","373","343","94","21","2","14","47","52","21","84","6","2","1",".274",".324",".469",".794",".337","1.0","-0.2","2.0","532.7","sa874238"
"Ozzie Albies","Braves","147","659","595","171","26","10","14","94","72","54","103","5","30","6",".287",".349",".435",".784",".336","6.0","3.0","3.7","110.9","16556"
"Kolten Wong","Cardinals","134","531","460","127","24","6","10","62","65","52","78","14","13","3",".276",".363",".420",".783",".336","2.0","1.0","2.7","357.9","12532"
"Jay Bruce","Mets","140","598","537","137","28","4","28","78","88","54","130","2","2","1",".255",".323",".479",".801",".336","-2.0","-0.3","1.7","161.5","9892"
"Scott Schebler","Reds","131","539","483","121","20","6","26","73","78","39","119","14","4","1",".251",".323",".478",".801",".336","2.0","0.1","1.7","284.3","12225"
"Didi Gregorius","Yankees","150","618","573","161","31","1","25","79","84","32","80","7","8","2",".281",".324",".469",".793",".335","5.0","0.4","3.9","120.4","6012"
"Tyler Flowers","Braves","105","432","375","101","18","0","11","48","52","39","100","15","0","0",".269",".359",".405",".764",".335","0.0","-0.3","2.4","302.0","9134"
"Devon Travis","Blue Jays","112","511","478","140","34","1","13","77","53","28","93","2","8","2",".293",".333",".450",".782",".334","3.0","0.4","2.7","371.0","13862"
"Victor Robles","Nationals","60","246","212","57","10","4","3","24","26","17","52","15","15","4",".269",".362",".396",".758",".334","2.0","1.1","1.3","304.6","18363"
"Joe Panik","Giants","142","640","568","165","30","5","10","87","65","59","58","6","5","1",".290",".359",".414",".773",".334","5.0","0.1","3.4","382.3","11936"
"Jedd Gyorko","Cardinals","131","540","482","126","23","1","22","68","73","50","114","3","4","2",".261",".331",".450",".782",".333","3.0","-0.4","2.6","344.0","10816"
"Colin Moran","Pirates","122","500","453","125","22","2","17","60","64","40","93","3","2","1",".276",".336",".446",".782",".333","0.0","-0.3","2.1","389.6","16909"
"Nicky Delmonico","White Sox","125","523","457","117","22","2","18","64","70","58","97","4","4","1",".256",".342",".431",".773",".333","0.0","0.0","1.9","430.6","13157"
"Gleyber Torres","Yankees","117","453","405","111","22","4","10","59","58","43","98","3","9","4",".274",".347",".422",".769",".333","3.0","-0.2","2.3","999.0","16997"
"Ender Inciarte","Braves","151","684","623","188","29","6","9","94","64","54","82","3","23","7",".302",".358",".411",".769",".333","9.0","1.1","3.7","121.8","4922"
"Elvis Andrus","Rangers","155","692","634","184","38","4","16","95","75","48","91","3","26","7",".290",".340",".438",".778",".333","-1.0","1.8","3.4","60.3","8709"
"J.D. Davis","Astros","39","154","140","36","8","0","7","22","23","11","43","2","1","0",".257",".318",".464",".782",".332","-1.0","0.1","0.6","632.6","16219"
"Yuli Gurriel","Astros","134","553","518","151","36","1","17","64","69","22","60","6","4","2",".292",".324",".463",".787",".332","-1.0","-0.4","1.4","253.8","19198"
"Jeimer Candelario","Tigers","146","594","526","144","31","3","13","64","69","59","122","5","0","0",".274",".350",".418",".768",".332","-5.0","-0.4","2.1","337.5","13621"
"Miguel Andujar","Yankees","111","434","394","109","21","3","14","58","59","29","70","5","4","1",".277",".329",".452",".781",".332","0.0","0.1","1.9","406.8","15878"
"David Peralta","Diamondbacks","135","594","541","155","26","6","14","67","67","42","102","6","4","1",".287",".342",".434",".776",".332","2.0","0.0","1.3","268.9","2136"
"Jose Pirela","Padres","115","472","433","117","26","5","15","55","59","33","96","3","8","3",".270",".324",".457",".781",".332","1.0","0.1","1.5","354.8","5485"
"Maikel Franco","Phillies","143","582","530","139","29","1","26","76","81","44","89","4","3","1",".262",".321",".468",".789",".332","-3.0","-0.1","1.9","242.6","12179"
"Byron Buxton","Twins","146","632","572","153","24","12","19","71","79","50","167","5","35","4",".267",".329",".451",".780",".332","12.0","4.9","4.4","48.9","14161"
"J.T. Realmuto","Marlins","135","587","540","155","30","4","15","64","70","37","103","6","8","2",".287",".337",".441",".778",".332","3.0","0.4","3.6","108.6","11739"
"Kole Calhoun","Angels","149","633","556","146","26","3","19","72","81","66","120","6","5","2",".263",".344",".423",".767",".331","7.0","-0.3","2.9","279.5","11200"
"Max Kepler","Twins","136","550","491","125","25","7","20","67","72","50","106","4","6","1",".255",".325",".456",".782",".330","2.0","0.5","1.7","294.2","12144"
"Corey Dickerson","Pirates","112","476","445","122","24","2","19","59","66","28","114","2","4","2",".274",".319",".465",".785",".330","0.0","-0.3","1.1","225.6","10762"
"Bradley Zimmer","Indians","143","571","507","131","26","5","17","68","74","49","156","12","28","5",".258",".336",".430",".766",".330","7.0","3.1","3.4","191.9","16221"
"Jorge Soler","Royals","135","556","492","121","21","1","25","72","77","56","150","5","2","0",".246",".327",".445",".772",".330","-3.0","0.1","0.7","363.8","14221"
"Evan Gattis","Astros","112","444","409","106","20","4","21","63","65","27","82","4","0","0",".259",".309",".482",".790",".330","-1.0","-0.2","0.6","141.3","11003"
"Austin Jackson","Mets","117","486","439","124","25","3","9","50","56","42","100","2","7","2",".282",".346",".415",".760",".329","-3.0","0.2","1.5","536.6","9848"
"Randal Grichuk","Blue Jays","134","550","507","128","26","5","26","72","77","36","156","5","7","2",".252",".307",".477",".785",".329","4.0","0.3","2.0","279.4","10243"
"Matt Joyce","Athletics","135","608","514","124","25","1","19","91","69","84","131","5","4","2",".241",".350",".405",".755",".329","-4.0","-0.5","1.5","469.0","3353"
"Russell Martin","Blue Jays","119","480","406","95","17","1","17","58","63","62","107","9","3","2",".234",".346",".406",".752",".329","3.0","-0.6","3.0","314.3","4616"
"Yasmani Grandal","Dodgers","101","402","354","84","19","0","19","55","59","44","99","1","0","0",".237",".321",".452",".773",".329","2.0","-0.2","2.5","219.6","11368"
"Todd Frazier","Mets","147","614","521","117","22","1","28","80","87","79","132","8","6","2",".225",".332",".432",".764",".329","3.0","0.0","2.9","286.2","785"
"Matt Holliday","Rockies","96","384","335","82","16","1","15","49","52","40","84","6","0","0",".245",".333",".433",".766",".328","-2.0","-0.2","0.2","688.4","1873"
"Kendrys Morales","Blue Jays","128","545","494","129","22","0","23","67","76","42","110","6","1","0",".261",".325",".445",".770",".328","-2.0","-0.1","0.5","310.0","8610"
"Ketel Marte","Diamondbacks","140","571","508","137","28","5","13","60","65","56","81","2","18","5",".270",".342",".421",".763",".328","4.0","1.1","2.5","335.5","13613"
"Brett Gardner","Yankees","138","633","553","146","22","4","15","93","61","69","112","7","17","3",".264",".351",".400",".750",".328","4.0","1.7","2.4","177.8","9927"
"Paul DeJong","Cardinals","137","571","527","138","27","2","25","73","79","32","154","8","4","1",".262",".312",".463",".775",".328","1.0","0.1","2.7","151.7","18015"
"Kennys Vargas","Twins","74","304","269","67","12","1","12","37","40","31","88","2","0","0",".249",".329",".435",".764",".327","-1.0","-0.2","0.1","647.2","12101"
"Orlando Arcia","Brewers","156","608","556","158","23","5","15","76","76","47","112","2","24","6",".284",".340",".424",".765",".327","1.0","1.9","2.7","182.6","13185"
"Ryon Healy","Mariners","122","493","464","125","27","1","21","62","67","24","110","2","0","0",".269",".306",".468",".774",".327","-2.0","-0.3","0.9","230.2","15447"
"Eduardo Nunez","Red Sox","90","374","354","104","22","1","10","41","45","14","49","3","15","3",".294",".324",".446",".770",".327","-2.0","1.5","1.3","135.8","6848"
"Javier Baez","Cubs","141","571","527","142","26","2","23","71","76","33","146","9","13","3",".269",".322",".457",".780",".327","8.0","1.0","2.8","104.9","12979"
"Ian Kinsler","Red Sox","144","658","597","161","28","4","19","99","66","50","95","8","13","4",".270",".333",".425",".758",".326","6.0","0.5","3.6","183.6","6195"
"Mitch Moreland","Red Sox","130","533","477","121","30","0","20","64","68","46","111","7","0","0",".254",".326",".442",".769",".326","4.0","-0.3","1.1","413.8","3086"
"Devin Mesoraco","Mets","75","303","265","65","10","2","10","35","38","30","64","7","2","1",".245",".337",".411",".748",".326","-1.0","-0.2","1.3","476.1","5666"
"Dansby Swanson","Braves","145","582","513","139","26","5","12","60","66","61","116","4","8","2",".271",".351",".411",".762",".326","1.0","0.4","2.6","383.9","18314"
"Scooter Gennett","Reds","133","552","511","141","23","3","18","63","69","35","114","4","4","2",".276",".326",".438",".764",".326","-4.0","-0.4","1.4","205.5","10339"
"Manuel Margot","Padres","147","666","609","167","24","10","17","95","68","49","124","3","25","6",".274",".329",".430",".759",".325","8.0","2.0","3.5","137.9","14712"
"Wilmer Flores","Mets","114","471","432","118","22","0","17","55","60","30","69","4","2","1",".273",".323",".442",".765",".325","-1.0","-0.3","1.5","360.6","5827"
"Adam Jones","Orioles","144","627","584","158","24","1","27","77","82","31","116","7","5","1",".271",".313",".454",".766",".324","-9.0","0.2","1.5","148.6","6368"
"Chris Davis","Orioles","136","577","502","112","19","0","31","78","86","65","182","6","1","0",".223",".317",".446",".763",".324","1.0","-0.1","1.0","251.8","9272"
"Ben Gamel","Mariners","116","443","403","110","20","6","10","56","54","35","92","2","6","2",".273",".332",".427",".759",".324","0.0","0.1","0.9","454.9","12160"
"Jonathan Lucroy","Athletics","130","533","472","129","22","3","11","54","58","52","67","4","2","0",".273",".347",".403",".750",".324","2.0","0.0","3.2","203.9","7870"
"Howie Kendrick","Nationals","93","374","343","99","15","2","7","38","42","26","79","3","8","2",".289",".342",".405",".747",".324","-2.0","0.5","0.7","481.1","4229"
"Ben Zobrist","Cubs","130","545","475","125","21","2","12","57","63","64","74","2","4","2",".263",".350",".392",".742",".324","0.0","-0.4","1.3","464.7","7435"
"Adam Duvall","Braves","133","566","512","125","29","3","27","71","79","38","151","8","4","1",".244",".302",".471",".773",".323","6.0","0.1","1.5","179.9","10950"
"Yangervis Solarte","Blue Jays","117","470","429","113","23","2","16","54","59","33","56","5","3","1",".263",".321",".438",".760",".323","0.0","-0.1","1.7","291.3","5352"
"C.J. Cron","Rays","110","455","417","110","19","2","18","55","59","26","100","7","3","1",".264",".314",".448",".763",".323","2.0","-0.1","1.1","351.5","12546"
"Blake Swihart","Red Sox","54","211","194","54","10","1","5","26","26","15","46","1","3","1",".278",".332",".418",".749",".323","0.0","0.0","1.1","459.2","13176"
"Addison Russell","Cubs","142","567","508","128","29","2","20","68","73","49","122","7","5","1",".252",".325",".435",".760",".323","9.0","0.3","3.1","264.2","14106"
"Whit Merrifield","Royals","152","688","641","183","34","4","17","97","69","36","107","5","31","6",".285",".326",".431",".756",".323","2.0","3.2","3.0","69.0","11281"
"Nick Williams","Phillies","122","516","478","128","25","5","17","58","65","29","137","5","8","3",".268",".314",".448",".762",".323","-1.0","0.0","0.8","316.8","14330"
"Brian McCann","Astros","109","422","371","90","12","1","18","60","59","40","67","7","2","0",".243",".325",".426",".751",".322","-2.0","0.1","2.2","223.3","4810"
"Greg Garcia","Cardinals","92","361","305","81","10","1","3","37","38","49","71","6","3","1",".266",".377",".334",".711",".322","0.0","-0.1","1.2","671.4","10951"
"Jed Lowrie","Athletics","140","622","551","147","35","2","11","69","62","64","96","3","1","0",".267",".344",".397",".742",".321","-3.0","-0.2","2.1","413.8","4418"
"Adam Frazier","Pirates","134","607","549","159","21","5","6","76","50","49","73","6","13","5",".290",".353",".379",".731",".321","-1.0","0.0","1.4","417.8","15223"
"Travis d'Arnaud","Mets","109","440","400","105","19","1","15","50","55","33","79","4","1","0",".263",".323",".428",".750",".321","-3.0","-0.1","1.9","284.2","7739"
"Delino DeShields","Rangers","140","646","566","155","22","5","7","83","49","71","142","4","41","10",".274",".356",".367",".724",".320","8.0","3.5","3.1","172.2","11379"
"Christian Vazquez","Red Sox","114","414","384","108","22","2","8","55","50","24","76","5","5","1",".281",".331",".411",".742",".320","5.0","0.3","2.6","299.8","9774"
"Jorge Polanco","Twins","141","597","544","147","28","5","15","62","70","45","91","2","14","5",".270",".325",".423",".748",".320","-2.0","0.3","2.1","235.7","13152"
"Asdrubal Cabrera","Phillies","129","559","503","135","26","2","14","56","63","46","96","5","4","1",".268",".333",".412",".744",".320","-6.0","0.0","1.4","313.2","4962"
"Michael A. Taylor","Nationals","132","536","496","129","24","3","21","64","68","36","164","2","23","5",".260",".312",".448",".759",".320","10.0","2.2","2.6","222.8","11489"
"Hunter Pence","Giants","131","528","483","130","24","3","14","56","61","40","104","2","4","2",".269",".326",".418",".744",".320","2.0","-0.4","1.1","424.4","8252"
"Marcus Semien","Athletics","148","658","591","149","27","4","21","87","73","63","138","1","17","3",".252",".324",".418",".742",".319","-3.0","1.7","2.8","222.5","12533"
"Luke Voit","Yankees","70","287","258","66","10","2","10","32","34","21","63","5","0","0",".256",".321",".426",".747",".319","0.0","-0.2","0.2","672.0","14811"
"Raimel Tapia","Rockies","80","353","329","98","16","5","4","34","32","18","65","2","16","5",".298",".334",".413",".748",".319","0.0","0.9","0.8","396.5","14350"
"Salvador Perez","Royals","135","575","544","147","24","1","25","68","77","21","111","6","0","0",".270",".303",".456",".758",".318","3.0","-0.3","3.0","100.1","7304"
"Rougned Odor","Rangers","150","616","571","143","25","5","28","76","80","32","133","9","15","5",".250",".299",".459",".758",".318","-1.0","0.6","1.7","104.5","12282"
"Josh Harrison","Pirates","139","612","562","156","28","4","11","59","59","31","92","14","14","4",".278",".328",".400",".729",".315","3.0","0.7","2.0","269.0","8202"
"Jason Heyward","Cubs","134","538","483","127","22","3","11","53","58","50","74","3","11","2",".263",".335",".389",".724",".315","13.0","1.0","1.9","411.1","4940"
"Albert Almora Jr.","Cubs","130","529","493","141","26","3","10","50","54","28","85","2","3","1",".286",".323",".412",".735",".315","6.0","-0.2","1.7","390.1","14109"
"Mitch Garver","Twins","56","219","190","47","9","0","5","25","25","25","55","2","1","0",".247",".338",".374",".712",".314","0.0","0.0","0.9","562.5","15161"
"Guillermo Heredia","Mariners","94","341","302","81","15","1","5","42","37","26","50","9","4","2",".268",".340",".374",".714",".313","2.0","-0.3","0.9","687.9","18721"
"Nick Markakis","Braves","148","624","554","150","32","1","8","55","63","62","103","4","1","1",".271",".346",".375",".722",".313","-2.0","-0.6","0.3","435.1","5930"
"Tim Anderson","White Sox","146","602","578","157","30","9","16","61","67","19","150","4","20","4",".272",".299",".438",".737",".312","3.0","2.0","2.8","197.3","15172"
"Mark Reynolds","Nationals","87","351","313","77","11","0","12","38","41","34","105","2","1","1",".246",".322",".396",".718",".311","-3.0","-0.4","-0.2","453.8","7619"
"Tyler Wade","Yankees","69","248","223","58","9","3","4","31","28","22","57","2","12","3",".260",".331",".381",".712",".311","1.0","1.0","0.9","597.9","15730"
"Andrelton Simmons","Angels","148","622","569","156","30","2","11","58","65","44","58","4","15","3",".274",".328",".392",".720",".311","16.0","1.3","4.2","219.5","10847"
"Brandon Crawford","Giants","154","621","552","141","33","5","14","60","65","55","116","6","5","2",".255",".325",".409",".735",".311","10.0","-0.2","3.1","339.2","5343"
"Tucker Barnhart","Reds","124","492","436","118","26","1","7","46","50","49","77","3","4","1",".271",".346",".383",".729",".311","7.0","0.1","2.5","322.5","10200"
"Troy Tulowitzki","Blue Jays","115","471","429","110","20","0","15","50","53","35","79","4","1","0",".256",".316",".408",".724",".311","2.0","-0.1","1.8","404.2","3531"
"Chase Headley","","116","481","426","111","18","1","9","45","49","46","103","5","4","1",".261",".337",".371",".708",".311","-1.0","0.0","1.2","408.3","4720"
"Starlin Castro","Marlins","144","622","588","165","23","1","18","61","70","26","115","4","5","2",".281",".314",".415",".728",".310","-7.0","-0.2","0.8","286.0","4579"
"Jorge Alfaro","Phillies","111","440","408","102","21","2","16","52","54","20","127","10","2","1",".250",".300",".429",".729",".310","-2.0","-0.3","1.4","242.9","12180"
"Jose Bautista","Phillies","98","399","344","78","12","1","14","43","46","48","97","3","2","1",".227",".323",".390",".713",".310","-4.0","-0.3","-0.2","436.8","1887"
"Albert Pujols","Angels","125","528","485","124","17","0","22","61","67","36","77","3","3","1",".256",".309",".427",".736",".310","-2.0","-0.1","0.0","312.4","1177"
"Jacoby Ellsbury","Yankees","100","390","349","92","17","3","5","39","40","35","59","4","17","4",".264",".336",".372",".708",".310","-1.0","1.4","0.9","466.5","4727"
"Kevin Pillar","Blue Jays","141","553","517","137","34","2","13","60","62","27","86","6","16","4",".265",".307",".414",".721",".309","9.0","1.2","2.4","323.2","12434"
"Yadier Molina","Cardinals","127","521","483","133","25","1","12","49","53","29","67","3","4","1",".275",".317",".406",".723",".309","3.0","0.1","2.2","152.3","7007"
"Ezequiel Carrera","Mets","95","361","324","89","9","1","4","38","37","32","85","4","6","1",".275",".346",".346",".692",".309","-3.0","0.5","0.1","666.0","9048"
"Mike Marjama","","45","164","149","37","9","1","4","21","19","11","31","3","0","0",".248",".311",".403",".714",".308","1.0","-0.1","0.9","714.1","12594"
"Eduardo Escobar","Diamondbacks","115","455","418","107","18","3","13","49","52","31","86","3","4","2",".256",".310",".407",".717",".306","-1.0","-0.3","0.9","422.3","6153"
"Dee Gordon","Mariners","152","691","650","195","20","9","2","74","47","32","94","5","57","13",".300",".336",".368",".703",".306","1.0","5.4","2.6","28.7","8203"
"Amed Rosario","Mets","146","582","539","143","22","9","11","53","59","34","140","5","25","7",".265",".313",".401",".713",".306","9.0","1.7","2.8","247.9","15518"
"Carson Kelly","Cardinals","79","311","281","72","13","0","7","32","33","25","48","3","0","0",".256",".322",".377",".699",".305","2.0","-0.2","1.3","543.0","13620"
"Cameron Maybin","Mariners","75","330","295","74","12","2","6","30","30","32","66","2","16","3",".251",".327",".366",".693",".305","0.0","1.7","0.7","320.4","5223"
"Alex Gordon","Royals","135","545","477","115","21","1","12","50","55","51","131","13","4","1",".241",".328",".365",".693",".303","10.0","0.0","1.3","527.3","5209"
"Jake Marisnick","Astros","93","346","316","76","14","2","11","44","41","23","91","5","12","3",".241",".301",".402",".702",".302","2.0","0.9","0.8","540.0","11339"
"Jason Castro","Twins","110","412","364","85","19","1","9","47","44","45","112","2","1","0",".234",".320",".365",".686",".301","1.0","-0.1","1.5","381.7","8722"
"Aledmys Diaz","Blue Jays","75","293","273","71","15","1","7","31","31","15","42","3","2","1",".260",".304",".399",".703",".301","-2.0","-0.2","0.4","477.5","15937"
"Yolmer Sanchez","White Sox","139","548","508","133","21","4","11","53","55","32","109","5","6","3",".262",".310",".384",".694",".300","7.0","-0.4","1.8","435.0","11602"
"Zack Granite","Twins","71","289","257","66","7","3","2","21","23","28","28","2","9","2",".257",".332",".331",".663",".296","3.0","0.7","0.4","643.2","15343"
"Jose Reyes","Mets","99","420","386","100","13","3","7","34","39","31","63","1","14","3",".259",".314",".363",".677",".295","-4.0","1.3","0.3","328.4","1736"
"Ehire Adrianza","Twins","60","219","195","50","7","1","2","22","20","19","33","3","6","2",".256",".329",".333",".662",".295","3.0","0.2","0.6","682.5","8418"
"Jose Peraza","Reds","128","538","503","140","14","6","5","40","46","26","68","5","27","7",".278",".318",".360",".678",".294","1.0","2.1","0.9","209.6","13593"
"Jordy Mercer","Pirates","135","529","479","120","20","2","11","51","52","45","79","3","4","3",".251",".318",".370",".687",".293","-1.0","-0.8","0.7","500.8","6547"
"Taylor Motter","","50","180","162","39","8","0","4","21","19","15","39","1","7","1",".241",".306",".364",".670",".292","-1.0","0.9","0.2","615.8","12399"
"Adalberto Mondesi","Royals","125","469","439","110","16","8","10","49","46","23","134","2","29","4",".251",".288",".392",".680",".289","5.0","3.9","1.6","384.8","13769"
"Sandy Leon","Red Sox","66","242","218","51","9","1","5","26","23","20","59","2","0","0",".234",".302",".353",".655",".285","1.0","-0.1","0.6","554.6","5273"
"Billy Hamilton","Reds","133","580","533","136","19","8","3","37","41","43","120","1","56","8",".255",".310",".338",".648",".285","11.0","7.4","1.7","71.3","10199"
"Martin Maldonado","Astros","115","421","379","86","17","0","11","46","43","29","103","11","1","1",".227",".299",".359",".658",".284","3.0","-0.5","1.4","405.6","6887"
"Matt Wieters","Nationals","102","396","362","86","14","1","10","38","38","28","81","2","0","0",".238",".293",".365",".658",".283","0.0","-0.2","0.5","327.8","4298"
"Ronald Torreyes","Yankees","87","318","301","84","10","2","1","27","24","12","36","2","3","1",".279",".308",".336",".644",".281","1.0","0.0","0.2","522.5","11400"
"Alcides Escobar","Royals","144","520","496","125","26","5","5","45","40","16","78","4","10","3",".252",".279",".355",".634",".272","2.0","0.5","0.3","522.2","6310"
